isin,company,year,month,month_start,avg_close
INE009A01021,Infosys Ltd,2015,6,2015-06-01,499.48
INE009A01021,Infosys Ltd,2015,7,2015-07-01,509.36
INE009A01021,Infosys Ltd,2015,8,2015-08-01,556.28
INE009A01021,Infosys Ltd,2015,9,2015-09-01,549.9
INE009A01021,Infosys Ltd,2015,10,2015-10-01,626.65
INE009A01021,Infosys Ltd,2015,11,2015-11-01,573.19
INE009A01021,Infosys Ltd,2015,12,2015-12-01,538.16
INE009A01021,Infosys Ltd,2016,1,2016-01-01,582.0
INE009A01021,Infosys Ltd,2016,2,2016-02-01,561.96
INE009A01021,Infosys Ltd,2016,3,2016-03-01,586.28
INE009A01021,Infosys Ltd,2016,4,2016-04-01,605.03
INE009A01021,Infosys Ltd,2016,5,2016-05-01,604.58
INE009A01021,Infosys Ltd,2016,6,2016-06-01,602.73
INE009A01021,Infosys Ltd,2016,7,2016-07-01,561.3
INE009A01021,Infosys Ltd,2016,8,2016-08-01,526.73
INE009A01021,Infosys Ltd,2016,9,2016-09-01,522.31
INE009A01021,Infosys Ltd,2016,10,2016-10-01,513.63
INE009A01021,Infosys Ltd,2016,11,2016-11-01,475.8
INE009A01021,Infosys Ltd,2016,12,2016-12-01,517.28
INE009A01021,Infosys Ltd,2017,1,2017-01-01,482.63
INE009A01021,Infosys Ltd,2017,2,2017-02-01,487.65
INE009A01021,Infosys Ltd,2017,3,2017-03-01,513.36
INE009A01021,Infosys Ltd,2017,4,2017-04-01,473.3
INE009A01021,Infosys Ltd,2017,5,2017-05-01,478.64
INE009A01021,Infosys Ltd,2017,6,2017-06-01,474.66
INE009A01021,Infosys Ltd,2017,7,2017-07-01,509.89
INE009A01021,Infosys Ltd,2017,8,2017-08-01,476.23
INE009A01021,Infosys Ltd,2017,9,2017-09-01,449.61
INE009A01021,Infosys Ltd,2017,10,2017-10-01,463.89
INE009A01021,Infosys Ltd,2017,11,2017-11-01,481.32
INE009A01021,Infosys Ltd,2017,12,2017-12-01,505.48
INE009A01021,Infosys Ltd,2018,1,2018-01-01,550.92
INE009A01021,Infosys Ltd,2018,2,2018-02-01,566.4
INE009A01021,Infosys Ltd,2018,3,2018-03-01,581.2
INE009A01021,Infosys Ltd,2018,4,2018-04-01,574.26
INE009A01021,Infosys Ltd,2018,5,2018-05-01,596.43
INE009A01021,Infosys Ltd,2018,6,2018-06-01,628.84
INE009A01021,Infosys Ltd,2018,7,2018-07-01,667.32
INE009A01021,Infosys Ltd,2018,8,2018-08-01,696.6
INE009A01021,Infosys Ltd,2018,9,2018-09-01,726.28
INE009A01021,Infosys Ltd,2018,10,2018-10-01,687.39
INE009A01021,Infosys Ltd,2018,11,2018-11-01,653.75
INE009A01021,Infosys Ltd,2018,12,2018-12-01,671.46
INE009A01021,Infosys Ltd,2019,1,2019-01-01,708.29
INE009A01021,Infosys Ltd,2019,2,2019-02-01,747.38
INE009A01021,Infosys Ltd,2019,3,2019-03-01,725.51
INE009A01021,Infosys Ltd,2019,4,2019-04-01,743.07
INE009A01021,Infosys Ltd,2019,5,2019-05-01,720.38
INE009A01021,Infosys Ltd,2019,6,2019-06-01,744.37
INE009A01021,Infosys Ltd,2019,7,2019-07-01,761.28
INE009A01021,Infosys Ltd,2019,8,2019-08-01,787.18
INE009A01021,Infosys Ltd,2019,9,2019-09-01,812.66
INE009A01021,Infosys Ltd,2019,10,2019-10-01,730.98
INE009A01021,Infosys Ltd,2019,11,2019-11-01,702.93
INE009A01021,Infosys Ltd,2019,12,2019-12-01,720.67
INE009A01021,Infosys Ltd,2020,1,2020-01-01,760.46
INE009A01021,Infosys Ltd,2020,2,2020-02-01,782.28
INE009A01021,Infosys Ltd,2020,3,2020-03-01,642.56
INE009A01021,Infosys Ltd,2020,4,2020-04-01,644.86
INE009A01021,Infosys Ltd,2020,5,2020-05-01,677.82
INE009A01021,Infosys Ltd,2020,6,2020-06-01,710.8
INE009A01021,Infosys Ltd,2020,7,2020-07-01,860.25
INE009A01021,Infosys Ltd,2020,8,2020-08-01,950.87
INE009A01021,Infosys Ltd,2020,9,2020-09-01,972.64
INE009A01021,Infosys Ltd,2020,10,2020-10-01,1101.45
INE009A01021,Infosys Ltd,2020,11,2020-11-01,1110.71
INE009A01021,Infosys Ltd,2020,12,2020-12-01,1184.4
INE009A01021,Infosys Ltd,2021,1,2021-01-01,1316.97
INE009A01021,Infosys Ltd,2021,2,2021-02-01,1283.75
INE009A01021,Infosys Ltd,2021,3,2021-03-01,1349.14
INE009A01021,Infosys Ltd,2021,4,2021-04-01,1380.29
INE009A01021,Infosys Ltd,2021,5,2021-05-01,1353.12
INE009A01021,Infosys Ltd,2021,6,2021-06-01,1473.6
INE009A01021,Infosys Ltd,2021,7,2021-07-01,1574.96
INE009A01021,Infosys Ltd,2021,8,2021-08-01,1695.25
INE009A01021,Infosys Ltd,2021,9,2021-09-01,1703.74
INE009A01021,Infosys Ltd,2021,10,2021-10-01,1716.87
INE009A01021,Infosys Ltd,2021,11,2021-11-01,1735.36
INE009A01021,Infosys Ltd,2021,12,2021-12-01,1795.31
INE009A01021,Infosys Ltd,2022,1,2022-01-01,1829.94
INE009A01021,Infosys Ltd,2022,2,2022-02-01,1728.58
INE009A01021,Infosys Ltd,2022,3,2022-03-01,1835.58
INE009A01021,Infosys Ltd,2022,4,2022-04-01,1694.94
INE009A01021,Infosys Ltd,2022,5,2022-05-01,1502.94
INE009A01021,Infosys Ltd,2022,6,2022-06-01,1464.31
INE009A01021,Infosys Ltd,2022,7,2022-07-01,1484.83
INE009A01021,Infosys Ltd,2022,8,2022-08-01,1567.55
INE009A01021,Infosys Ltd,2022,9,2022-09-01,1433.4
INE009A01021,Infosys Ltd,2022,10,2022-10-01,1475.89
INE009A01021,Infosys Ltd,2022,11,2022-11-01,1576.37
INE009A01021,Infosys Ltd,2022,12,2022-12-01,1554.3
INE009A01021,Infosys Ltd,2023,1,2023-01-01,1513.53
INE009A01021,Infosys Ltd,2023,2,2023-02-01,1572.89
INE009A01021,Infosys Ltd,2023,3,2023-03-01,1429.33
INE009A01021,Infosys Ltd,2023,4,2023-04-01,1310.94
INE009A01021,Infosys Ltd,2023,5,2023-05-01,1278.84
INE009A01021,Infosys Ltd,2023,6,2023-06-01,1292.24
INE009A01021,Infosys Ltd,2023,7,2023-07-01,1367.9
INE009A01021,Infosys Ltd,2023,8,2023-08-01,1399.11
INE009A01021,Infosys Ltd,2023,9,2023-09-01,1477.61
INE009A01021,Infosys Ltd,2023,10,2023-10-01,1431.21
INE009A01021,Infosys Ltd,2023,11,2023-11-01,1413.7
INE009A01021,Infosys Ltd,2023,12,2023-12-01,1513.5
INE009A01021,Infosys Ltd,2024,1,2024-01-01,1597.2
INE009A01021,Infosys Ltd,2024,2,2024-02-01,1680.02
INE009A01021,Infosys Ltd,2024,3,2024-03-01,1587.15
INE009A01021,Infosys Ltd,2024,4,2024-04-01,1457.77
INE009A01021,Infosys Ltd,2024,5,2024-05-01,1438.6
INE009A01021,Infosys Ltd,2024,6,2024-06-01,1500.35
INE009A01021,Infosys Ltd,2024,7,2024-07-01,1738.86
INE009A01021,Infosys Ltd,2024,8,2024-08-01,1843.04
INE009A01021,Infosys Ltd,2024,9,2024-09-01,1916.32
INE009A01021,Infosys Ltd,2024,10,2024-10-01,1893.58
INE009A01021,Infosys Ltd,2024,11,2024-11-01,1843.39
INE009A01021,Infosys Ltd,2024,12,2024-12-01,1933.29
INE009A01021,Infosys Ltd,2025,1,2025-01-01,1893.27
INE009A01021,Infosys Ltd,2025,2,2025-02-01,1838.88
INE009A01021,Infosys Ltd,2025,3,2025-03-01,1633.31
INE009A01021,Infosys Ltd,2025,4,2025-04-01,1458.01
INE009A01021,Infosys Ltd,2025,5,2025-05-01,1557.95
INE009A01021,Infosys Ltd,2025,6,2025-06-01,1596.23
INE009A01021,Infosys Ltd,2025,7,2025-07-01,1581.56
INE009A01021,Infosys Ltd,2025,8,2025-08-01,1464.26
INE009A01021,Infosys Ltd,2025,9,2025-09-01,1491.9
INE009A01021,Infosys Ltd,2025,10,2025-10-01,1485.46
INE009A01021,Infosys Ltd,2025,11,2025-11-01,1521.93
INE009A01021,Infosys Ltd,2025,12,2025-12-01,1615.21
INE009A01021,Infosys Ltd,2026,1,2026-01-01,1635.53
INE018A01030,Larsen & Tubro Ltd,2014,10,2014-10-01,1070.99
INE018A01030,Larsen & Tubro Ltd,2014,11,2014-11-01,1092.92
INE018A01030,Larsen & Tubro Ltd,2014,12,2014-12-01,1026.91
INE018A01030,Larsen & Tubro Ltd,2015,1,2015-01-01,1063.6
INE018A01030,Larsen & Tubro Ltd,2015,2,2015-02-01,1118.8
INE018A01030,Larsen & Tubro Ltd,2015,3,2015-03-01,1151.32
INE018A01030,Larsen & Tubro Ltd,2015,4,2015-04-01,1150.6
INE018A01030,Larsen & Tubro Ltd,2015,5,2015-05-01,1075.51
INE018A01030,Larsen & Tubro Ltd,2015,6,2015-06-01,1142.39
INE018A01030,Larsen & Tubro Ltd,2015,7,2015-07-01,1216.92
INE018A01030,Larsen & Tubro Ltd,2015,8,2015-08-01,1160.38
INE018A01030,Larsen & Tubro Ltd,2015,9,2015-09-01,1022.07
INE018A01030,Larsen & Tubro Ltd,2015,10,2015-10-01,1071.69
INE018A01030,Larsen & Tubro Ltd,2015,11,2015-11-01,930.42
INE018A01030,Larsen & Tubro Ltd,2015,12,2015-12-01,868.87
INE018A01030,Larsen & Tubro Ltd,2016,1,2016-01-01,790.11
INE018A01030,Larsen & Tubro Ltd,2016,2,2016-02-01,745.44
INE018A01030,Larsen & Tubro Ltd,2016,3,2016-03-01,797.6
INE018A01030,Larsen & Tubro Ltd,2016,4,2016-04-01,825.91
INE018A01030,Larsen & Tubro Ltd,2016,5,2016-05-01,876.31
INE018A01030,Larsen & Tubro Ltd,2016,6,2016-06-01,988.1
INE018A01030,Larsen & Tubro Ltd,2016,7,2016-07-01,1045.66
INE018A01030,Larsen & Tubro Ltd,2016,8,2016-08-01,990.1
INE018A01030,Larsen & Tubro Ltd,2016,9,2016-09-01,987.98
INE018A01030,Larsen & Tubro Ltd,2016,10,2016-10-01,981.77
INE018A01030,Larsen & Tubro Ltd,2016,11,2016-11-01,923.71
INE018A01030,Larsen & Tubro Ltd,2016,12,2016-12-01,923.43
INE018A01030,Larsen & Tubro Ltd,2017,1,2017-01-01,944.52
INE018A01030,Larsen & Tubro Ltd,2017,2,2017-02-01,990.06
INE018A01030,Larsen & Tubro Ltd,2017,3,2017-03-01,1016.86
INE018A01030,Larsen & Tubro Ltd,2017,4,2017-04-01,1134.19
INE018A01030,Larsen & Tubro Ltd,2017,5,2017-05-01,1160.88
INE018A01030,Larsen & Tubro Ltd,2017,6,2017-06-01,1165.58
INE018A01030,Larsen & Tubro Ltd,2017,7,2017-07-01,1190.76
INE018A01030,Larsen & Tubro Ltd,2017,8,2017-08-01,1148.16
INE018A01030,Larsen & Tubro Ltd,2017,9,2017-09-01,1179.38
INE018A01030,Larsen & Tubro Ltd,2017,10,2017-10-01,1160.57
INE018A01030,Larsen & Tubro Ltd,2017,11,2017-11-01,1221.77
INE018A01030,Larsen & Tubro Ltd,2017,12,2017-12-01,1225.46
INE018A01030,Larsen & Tubro Ltd,2018,1,2018-01-01,1350.32
INE018A01030,Larsen & Tubro Ltd,2018,2,2018-02-01,1339.56
INE018A01030,Larsen & Tubro Ltd,2018,3,2018-03-01,1293.67
INE018A01030,Larsen & Tubro Ltd,2018,4,2018-04-01,1353.11
INE018A01030,Larsen & Tubro Ltd,2018,5,2018-05-01,1361.46
INE018A01030,Larsen & Tubro Ltd,2018,6,2018-06-01,1317.43
INE018A01030,Larsen & Tubro Ltd,2018,7,2018-07-01,1284.67
INE018A01030,Larsen & Tubro Ltd,2018,8,2018-08-01,1305.64
INE018A01030,Larsen & Tubro Ltd,2018,9,2018-09-01,1334.99
INE018A01030,Larsen & Tubro Ltd,2018,10,2018-10-01,1230.54
INE018A01030,Larsen & Tubro Ltd,2018,11,2018-11-01,1391.43
INE018A01030,Larsen & Tubro Ltd,2018,12,2018-12-01,1413.02
INE018A01030,Larsen & Tubro Ltd,2019,1,2019-01-01,1344.82
INE018A01030,Larsen & Tubro Ltd,2019,2,2019-02-01,1272.63
INE018A01030,Larsen & Tubro Ltd,2019,3,2019-03-01,1363.36
INE018A01030,Larsen & Tubro Ltd,2019,4,2019-04-01,1370.09
INE018A01030,Larsen & Tubro Ltd,2019,5,2019-05-01,1428.15
INE018A01030,Larsen & Tubro Ltd,2019,6,2019-06-01,1531.88
INE018A01030,Larsen & Tubro Ltd,2019,7,2019-07-01,1461.37
INE018A01030,Larsen & Tubro Ltd,2019,8,2019-08-01,1340.56
INE018A01030,Larsen & Tubro Ltd,2019,9,2019-09-01,1383.27
INE018A01030,Larsen & Tubro Ltd,2019,10,2019-10-01,1437.54
INE018A01030,Larsen & Tubro Ltd,2019,11,2019-11-01,1393.14
INE018A01030,Larsen & Tubro Ltd,2019,12,2019-12-01,1299.25
INE018A01030,Larsen & Tubro Ltd,2020,1,2020-01-01,1328.95
INE018A01030,Larsen & Tubro Ltd,2020,2,2020-02-01,1274.44
INE018A01030,Larsen & Tubro Ltd,2020,3,2020-03-01,960.23
INE018A01030,Larsen & Tubro Ltd,2020,4,2020-04-01,854.24
INE018A01030,Larsen & Tubro Ltd,2020,5,2020-05-01,841.79
INE018A01030,Larsen & Tubro Ltd,2020,6,2020-06-01,933.17
INE018A01030,Larsen & Tubro Ltd,2020,7,2020-07-01,925.37
INE018A01030,Larsen & Tubro Ltd,2020,8,2020-08-01,966.49
INE018A01030,Larsen & Tubro Ltd,2020,9,2020-09-01,908.67
INE018A01030,Larsen & Tubro Ltd,2020,10,2020-10-01,917.75
INE018A01030,Larsen & Tubro Ltd,2020,11,2020-11-01,1054.64
INE018A01030,Larsen & Tubro Ltd,2020,12,2020-12-01,1223.37
INE018A01030,Larsen & Tubro Ltd,2021,1,2021-01-01,1347.52
INE018A01030,Larsen & Tubro Ltd,2021,2,2021-02-01,1517.49
INE018A01030,Larsen & Tubro Ltd,2021,3,2021-03-01,1450.24
INE018A01030,Larsen & Tubro Ltd,2021,4,2021-04-01,1370.13
INE018A01030,Larsen & Tubro Ltd,2021,5,2021-05-01,1406.02
INE018A01030,Larsen & Tubro Ltd,2021,6,2021-06-01,1505.3
INE018A01030,Larsen & Tubro Ltd,2021,7,2021-07-01,1559.89
INE018A01030,Larsen & Tubro Ltd,2021,8,2021-08-01,1620.82
INE018A01030,Larsen & Tubro Ltd,2021,9,2021-09-01,1708.12
INE018A01030,Larsen & Tubro Ltd,2021,10,2021-10-01,1761.7
INE018A01030,Larsen & Tubro Ltd,2021,11,2021-11-01,1882.8
INE018A01030,Larsen & Tubro Ltd,2021,12,2021-12-01,1849.9
INE018A01030,Larsen & Tubro Ltd,2022,1,2022-01-01,1960.31
INE018A01030,Larsen & Tubro Ltd,2022,2,2022-02-01,1870.13
INE018A01030,Larsen & Tubro Ltd,2022,3,2022-03-01,1742.28
INE018A01030,Larsen & Tubro Ltd,2022,4,2022-04-01,1750.41
INE018A01030,Larsen & Tubro Ltd,2022,5,2022-05-01,1603.31
INE018A01030,Larsen & Tubro Ltd,2022,6,2022-06-01,1555.85
INE018A01030,Larsen & Tubro Ltd,2022,7,2022-07-01,1691.8
INE018A01030,Larsen & Tubro Ltd,2022,8,2022-08-01,1855.92
INE018A01030,Larsen & Tubro Ltd,2022,9,2022-09-01,1915.57
INE018A01030,Larsen & Tubro Ltd,2022,10,2022-10-01,1912.39
INE018A01030,Larsen & Tubro Ltd,2022,11,2022-11-01,2023.8
INE018A01030,Larsen & Tubro Ltd,2022,12,2022-12-01,2130.66
INE018A01030,Larsen & Tubro Ltd,2023,1,2023-01-01,2153.87
INE018A01030,Larsen & Tubro Ltd,2023,2,2023-02-01,2167.52
INE018A01030,Larsen & Tubro Ltd,2023,3,2023-03-01,2165.52
INE018A01030,Larsen & Tubro Ltd,2023,4,2023-04-01,2258.46
INE018A01030,Larsen & Tubro Ltd,2023,5,2023-05-01,2264.62
INE018A01030,Larsen & Tubro Ltd,2023,6,2023-06-01,2352.79
INE018A01030,Larsen & Tubro Ltd,2023,7,2023-07-01,2523.1
INE018A01030,Larsen & Tubro Ltd,2023,8,2023-08-01,2661.08
INE018A01030,Larsen & Tubro Ltd,2023,9,2023-09-01,2884.4
INE018A01030,Larsen & Tubro Ltd,2023,10,2023-10-01,3024.11
INE018A01030,Larsen & Tubro Ltd,2023,11,2023-11-01,3030.14
INE018A01030,Larsen & Tubro Ltd,2023,12,2023-12-01,3419.81
INE018A01030,Larsen & Tubro Ltd,2024,1,2024-01-01,3556.39
INE018A01030,Larsen & Tubro Ltd,2024,2,2024-02-01,3376.07
INE018A01030,Larsen & Tubro Ltd,2024,3,2024-03-01,3615.79
INE018A01030,Larsen & Tubro Ltd,2024,4,2024-04-01,3680.06
INE018A01030,Larsen & Tubro Ltd,2024,5,2024-05-01,3493.6
INE018A01030,Larsen & Tubro Ltd,2024,6,2024-06-01,3585.92
INE018A01030,Larsen & Tubro Ltd,2024,7,2024-07-01,3642.36
INE018A01030,Larsen & Tubro Ltd,2024,8,2024-08-01,3615.28
INE018A01030,Larsen & Tubro Ltd,2024,9,2024-09-01,3678.64
INE018A01030,Larsen & Tubro Ltd,2024,10,2024-10-01,3497.17
INE018A01030,Larsen & Tubro Ltd,2024,11,2024-11-01,3615.85
INE018A01030,Larsen & Tubro Ltd,2024,12,2024-12-01,3762.25
INE018A01030,Larsen & Tubro Ltd,2025,1,2025-01-01,3538.09
INE018A01030,Larsen & Tubro Ltd,2025,2,2025-02-01,3288.68
INE018A01030,Larsen & Tubro Ltd,2025,3,2025-03-01,3306.82
INE018A01030,Larsen & Tubro Ltd,2025,4,2025-04-01,3266.94
INE018A01030,Larsen & Tubro Ltd,2025,5,2025-05-01,3533.67
INE018A01030,Larsen & Tubro Ltd,2025,6,2025-06-01,3639.86
INE018A01030,Larsen & Tubro Ltd,2025,7,2025-07-01,3536.89
INE018A01030,Larsen & Tubro Ltd,2025,8,2025-08-01,3622.53
INE018A01030,Larsen & Tubro Ltd,2025,9,2025-09-01,3620.11
INE018A01030,Larsen & Tubro Ltd,2025,10,2025-10-01,3840.69
INE018A01030,Larsen & Tubro Ltd,2025,11,2025-11-01,3991.37
INE018A01030,Larsen & Tubro Ltd,2025,12,2025-12-01,4041.2
INE018A01030,Larsen & Tubro Ltd,2026,1,2026-01-01,3963.65
INE040A01034,HDFC Bank Ltd,2020,6,2020-06-01,1018.2
INE040A01034,HDFC Bank Ltd,2020,7,2020-07-01,1091.8
INE040A01034,HDFC Bank Ltd,2020,8,2020-08-01,1068.02
INE040A01034,HDFC Bank Ltd,2020,9,2020-09-01,1080.23
INE040A01034,HDFC Bank Ltd,2020,10,2020-10-01,1195.85
INE040A01034,HDFC Bank Ltd,2020,11,2020-11-01,1361.0
INE040A01034,HDFC Bank Ltd,2020,12,2020-12-01,1399.19
INE040A01034,HDFC Bank Ltd,2021,1,2021-01-01,1445.32
INE040A01034,HDFC Bank Ltd,2021,2,2021-02-01,1574.48
INE040A01034,HDFC Bank Ltd,2021,3,2021-03-01,1521.96
INE040A01034,HDFC Bank Ltd,2021,4,2021-04-01,1429.45
INE040A01034,HDFC Bank Ltd,2021,5,2021-05-01,1445.24
INE040A01034,HDFC Bank Ltd,2021,6,2021-06-01,1494.12
INE040A01034,HDFC Bank Ltd,2021,7,2021-07-01,1478.17
INE040A01034,HDFC Bank Ltd,2021,8,2021-08-01,1513.85
INE040A01034,HDFC Bank Ltd,2021,9,2021-09-01,1574.11
INE040A01034,HDFC Bank Ltd,2021,10,2021-10-01,1635.4
INE040A01034,HDFC Bank Ltd,2021,11,2021-11-01,1547.53
INE040A01034,HDFC Bank Ltd,2021,12,2021-12-01,1485.87
INE040A01034,HDFC Bank Ltd,2022,1,2022-01-01,1523.7
INE040A01034,HDFC Bank Ltd,2022,2,2022-02-01,1493.88
INE040A01034,HDFC Bank Ltd,2022,3,2022-03-01,1423.55
INE040A01034,HDFC Bank Ltd,2022,4,2022-04-01,1447.2
INE040A01034,HDFC Bank Ltd,2022,5,2022-05-01,1337.36
INE040A01034,HDFC Bank Ltd,2022,6,2022-06-01,1344.77
INE040A01034,HDFC Bank Ltd,2022,7,2022-07-01,1378.8
INE040A01034,HDFC Bank Ltd,2022,8,2022-08-01,1466.5
INE040A01034,HDFC Bank Ltd,2022,9,2022-09-01,1476.21
INE040A01034,HDFC Bank Ltd,2022,10,2022-10-01,1439.79
INE040A01034,HDFC Bank Ltd,2022,11,2022-11-01,1577.54
INE040A01034,HDFC Bank Ltd,2022,12,2022-12-01,1627.38
INE040A01034,HDFC Bank Ltd,2023,1,2023-01-01,1619.66
INE040A01034,HDFC Bank Ltd,2023,2,2023-02-01,1637.82
INE040A01034,HDFC Bank Ltd,2023,3,2023-03-01,1584.23
INE040A01034,HDFC Bank Ltd,2023,4,2023-04-01,1668.41
INE040A01034,HDFC Bank Ltd,2023,5,2023-05-01,1647.85
INE040A01034,HDFC Bank Ltd,2023,6,2023-06-01,1621.02
INE040A01034,HDFC Bank Ltd,2023,7,2023-07-01,1673.05
INE040A01034,HDFC Bank Ltd,2023,8,2023-08-01,1609.84
INE040A01034,HDFC Bank Ltd,2023,9,2023-09-01,1584.75
INE040A01034,HDFC Bank Ltd,2023,10,2023-10-01,1515.37
INE040A01034,HDFC Bank Ltd,2023,11,2023-11-01,1506.63
INE040A01034,HDFC Bank Ltd,2023,12,2023-12-01,1651.36
INE040A01034,HDFC Bank Ltd,2024,1,2024-01-01,1579.02
INE040A01034,HDFC Bank Ltd,2024,2,2024-02-01,1421.69
INE040A01034,HDFC Bank Ltd,2024,3,2024-03-01,1442.6
INE040A01034,HDFC Bank Ltd,2024,4,2024-04-01,1514.75
INE040A01034,HDFC Bank Ltd,2024,5,2024-05-01,1488.32
INE040A01034,HDFC Bank Ltd,2024,6,2024-06-01,1614.95
INE040A01034,HDFC Bank Ltd,2024,7,2024-07-01,1641.92
INE040A01034,HDFC Bank Ltd,2024,8,2024-08-01,1632.2
INE040A01034,HDFC Bank Ltd,2024,9,2024-09-01,1691.48
INE040A01034,HDFC Bank Ltd,2024,10,2024-10-01,1697.12
INE040A01034,HDFC Bank Ltd,2024,11,2024-11-01,1748.96
INE040A01034,HDFC Bank Ltd,2024,12,2024-12-01,1826.57
INE040A01034,HDFC Bank Ltd,2025,1,2025-01-01,1679.13
INE040A01034,HDFC Bank Ltd,2025,2,2025-02-01,1708.02
INE040A01034,HDFC Bank Ltd,2025,3,2025-03-01,1741.06
INE040A01034,HDFC Bank Ltd,2025,4,2025-04-01,1858.94
INE040A01034,HDFC Bank Ltd,2025,5,2025-05-01,1929.17
INE040A01034,HDFC Bank Ltd,2025,6,2025-06-01,1957.54
INE040A01034,HDFC Bank Ltd,2025,7,2025-07-01,2000.36
INE040A01034,HDFC Bank Ltd,2025,8,2025-08-01,1824.15
INE040A01034,HDFC Bank Ltd,2025,9,2025-09-01,959.96
INE040A01034,HDFC Bank Ltd,2025,10,2025-10-01,988.87
INE040A01034,HDFC Bank Ltd,2025,11,2025-11-01,994.07
INE040A01034,HDFC Bank Ltd,2025,12,2025-12-01,994.17
INE040A01034,HDFC Bank Ltd,2026,1,2026-01-01,944.52
INE040H01021,Suzlon Engergy Ltd,2024,8,2024-08-01,78.15
INE040H01021,Suzlon Engergy Ltd,2024,9,2024-09-01,79.85
INE040H01021,Suzlon Engergy Ltd,2024,10,2024-10-01,72.21
INE040H01021,Suzlon Engergy Ltd,2024,11,2024-11-01,63.31
INE040H01021,Suzlon Engergy Ltd,2024,12,2024-12-01,65.8
INE040H01021,Suzlon Engergy Ltd,2025,1,2025-01-01,56.97
INE040H01021,Suzlon Engergy Ltd,2025,2,2025-02-01,53.72
INE040H01021,Suzlon Engergy Ltd,2025,3,2025-03-01,54.87
INE040H01021,Suzlon Engergy Ltd,2025,4,2025-04-01,56.27
INE040H01021,Suzlon Engergy Ltd,2025,5,2025-05-01,60.17
INE040H01021,Suzlon Engergy Ltd,2025,6,2025-06-01,65.89
INE040H01021,Suzlon Engergy Ltd,2025,7,2025-07-01,65.09
INE040H01021,Suzlon Engergy Ltd,2025,8,2025-08-01,60.91
INE040H01021,Suzlon Engergy Ltd,2025,9,2025-09-01,57.72
INE040H01021,Suzlon Engergy Ltd,2025,10,2025-10-01,54.67
INE040H01021,Suzlon Engergy Ltd,2025,11,2025-11-01,56.92
INE040H01021,Suzlon Engergy Ltd,2025,12,2025-12-01,52.56
INE040H01021,Suzlon Engergy Ltd,2026,1,2026-01-01,49.67
INE053A01029,Indian Hotels Company Ltd,2021,6,2021-06-01,138.88
INE053A01029,Indian Hotels Company Ltd,2021,7,2021-07-01,147.44
INE053A01029,Indian Hotels Company Ltd,2021,8,2021-08-01,141.92
INE053A01029,Indian Hotels Company Ltd,2021,9,2021-09-01,161.97
INE053A01029,Indian Hotels Company Ltd,2021,10,2021-10-01,206.41
INE053A01029,Indian Hotels Company Ltd,2021,11,2021-11-01,205.73
INE053A01029,Indian Hotels Company Ltd,2021,12,2021-12-01,188.79
INE053A01029,Indian Hotels Company Ltd,2022,1,2022-01-01,199.89
INE053A01029,Indian Hotels Company Ltd,2022,2,2022-02-01,207.89
INE053A01029,Indian Hotels Company Ltd,2022,3,2022-03-01,211.23
INE053A01029,Indian Hotels Company Ltd,2022,4,2022-04-01,244.62
INE053A01029,Indian Hotels Company Ltd,2022,5,2022-05-01,232.13
INE053A01029,Indian Hotels Company Ltd,2022,6,2022-06-01,224.18
INE053A01029,Indian Hotels Company Ltd,2022,7,2022-07-01,248.05
INE053A01029,Indian Hotels Company Ltd,2022,8,2022-08-01,273.82
INE053A01029,Indian Hotels Company Ltd,2022,9,2022-09-01,318.38
INE053A01029,Indian Hotels Company Ltd,2022,10,2022-10-01,326.04
INE053A01029,Indian Hotels Company Ltd,2022,11,2022-11-01,324.71
INE053A01029,Indian Hotels Company Ltd,2022,12,2022-12-01,321.7
INE053A01029,Indian Hotels Company Ltd,2023,1,2023-01-01,305.46
INE053A01029,Indian Hotels Company Ltd,2023,2,2023-02-01,315.31
INE053A01029,Indian Hotels Company Ltd,2023,3,2023-03-01,316.85
INE053A01029,Indian Hotels Company Ltd,2023,4,2023-04-01,332.37
INE053A01029,Indian Hotels Company Ltd,2023,5,2023-05-01,369.05
INE053A01029,Indian Hotels Company Ltd,2023,6,2023-06-01,390.89
INE053A01029,Indian Hotels Company Ltd,2023,7,2023-07-01,389.72
INE053A01029,Indian Hotels Company Ltd,2023,8,2023-08-01,392.78
INE053A01029,Indian Hotels Company Ltd,2023,9,2023-09-01,418.01
INE053A01029,Indian Hotels Company Ltd,2023,10,2023-10-01,405.13
INE053A01029,Indian Hotels Company Ltd,2023,11,2023-11-01,409.72
INE053A01029,Indian Hotels Company Ltd,2023,12,2023-12-01,436.66
INE053A01029,Indian Hotels Company Ltd,2024,1,2024-01-01,467.45
INE053A01029,Indian Hotels Company Ltd,2024,2,2024-02-01,541.8
INE053A01029,Indian Hotels Company Ltd,2024,3,2024-03-01,571.08
INE053A01029,Indian Hotels Company Ltd,2024,4,2024-04-01,597.11
INE053A01029,Indian Hotels Company Ltd,2024,5,2024-05-01,565.87
INE053A01029,Indian Hotels Company Ltd,2024,6,2024-06-01,606.42
INE053A01029,Indian Hotels Company Ltd,2024,7,2024-07-01,613.37
INE053A01029,Indian Hotels Company Ltd,2024,8,2024-08-01,628.42
INE053A01029,Indian Hotels Company Ltd,2024,9,2024-09-01,687.49
INE053A01029,Indian Hotels Company Ltd,2024,10,2024-10-01,682.87
INE053A01029,Indian Hotels Company Ltd,2024,11,2024-11-01,740.58
INE053A01029,Indian Hotels Company Ltd,2024,12,2024-12-01,850.06
INE053A01029,Indian Hotels Company Ltd,2025,1,2025-01-01,802.57
INE053A01029,Indian Hotels Company Ltd,2025,2,2025-02-01,757.46
INE053A01029,Indian Hotels Company Ltd,2025,3,2025-03-01,775.37
INE053A01029,Indian Hotels Company Ltd,2025,4,2025-04-01,807.62
INE053A01029,Indian Hotels Company Ltd,2025,5,2025-05-01,766.58
INE053A01029,Indian Hotels Company Ltd,2025,6,2025-06-01,765.42
INE053A01029,Indian Hotels Company Ltd,2025,7,2025-07-01,748.9
INE053A01029,Indian Hotels Company Ltd,2025,8,2025-08-01,764.43
INE053A01029,Indian Hotels Company Ltd,2025,9,2025-09-01,763.21
INE053A01029,Indian Hotels Company Ltd,2025,10,2025-10-01,735.13
INE053A01029,Indian Hotels Company Ltd,2025,11,2025-11-01,721.32
INE053A01029,Indian Hotels Company Ltd,2025,12,2025-12-01,732.12
INE053A01029,Indian Hotels Company Ltd,2026,1,2026-01-01,692.66
INE081A01012,Tata Steel Ltd,2013,12,2013-12-01,419.36
INE081A01012,Tata Steel Ltd,2014,1,2014-01-01,383.61
INE081A01012,Tata Steel Ltd,2014,2,2014-02-01,367.14
INE081A01012,Tata Steel Ltd,2014,3,2014-03-01,359.06
INE081A01012,Tata Steel Ltd,2014,4,2014-04-01,412.95
INE081A01012,Tata Steel Ltd,2014,5,2014-05-01,442.72
INE081A01012,Tata Steel Ltd,2014,6,2014-06-01,534.08
INE081A01012,Tata Steel Ltd,2014,7,2014-07-01,541.55
INE081A01012,Tata Steel Ltd,2014,8,2014-08-01,539.22
INE081A01012,Tata Steel Ltd,2014,9,2014-09-01,500.42
INE081A01012,Tata Steel Ltd,2014,10,2014-10-01,456.35
INE081A01012,Tata Steel Ltd,2014,11,2014-11-01,473.24
INE081A01012,Tata Steel Ltd,2014,12,2014-12-01,419.84
INE081A01012,Tata Steel Ltd,2015,1,2015-01-01,395.16
INE081A01012,Tata Steel Ltd,2015,2,2015-02-01,365.62
INE081A01012,Tata Steel Ltd,2015,3,2015-03-01,331.04
INE081A01012,Tata Steel Ltd,2015,4,2015-04-01,348.54
INE081A01012,Tata Steel Ltd,2015,5,2015-05-01,354.65
INE081A01012,Tata Steel Ltd,2015,6,2015-06-01,305.8
INE081A01012,Tata Steel Ltd,2015,7,2015-07-01,277.52
INE081A01012,Tata Steel Ltd,2015,8,2015-08-01,241.1
INE081A01012,Tata Steel Ltd,2015,9,2015-09-01,224.05
INE081A01012,Tata Steel Ltd,2015,10,2015-10-01,243.04
INE081A01012,Tata Steel Ltd,2015,11,2015-11-01,227.5
INE081A01012,Tata Steel Ltd,2015,12,2015-12-01,248.33
INE081A01012,Tata Steel Ltd,2016,1,2016-01-01,248.95
INE081A01012,Tata Steel Ltd,2016,2,2016-02-01,241.01
INE081A01012,Tata Steel Ltd,2016,3,2016-03-01,297.52
INE081A01012,Tata Steel Ltd,2016,4,2016-04-01,337.55
INE081A01012,Tata Steel Ltd,2016,5,2016-05-01,328.38
INE081A01012,Tata Steel Ltd,2016,6,2016-06-01,329.59
INE081A01012,Tata Steel Ltd,2016,7,2016-07-01,350.99
INE081A01012,Tata Steel Ltd,2016,8,2016-08-01,376.16
INE081A01012,Tata Steel Ltd,2016,9,2016-09-01,375.1
INE081A01012,Tata Steel Ltd,2016,10,2016-10-01,408.96
INE081A01012,Tata Steel Ltd,2016,11,2016-11-01,403.09
INE081A01012,Tata Steel Ltd,2016,12,2016-12-01,407.46
INE081A01012,Tata Steel Ltd,2017,1,2017-01-01,444.91
INE081A01012,Tata Steel Ltd,2017,2,2017-02-01,474.93
INE081A01012,Tata Steel Ltd,2017,3,2017-03-01,486.32
INE081A01012,Tata Steel Ltd,2017,4,2017-04-01,467.83
INE081A01012,Tata Steel Ltd,2017,5,2017-05-01,468.44
INE081A01012,Tata Steel Ltd,2017,6,2017-06-01,508.85
INE081A01012,Tata Steel Ltd,2017,7,2017-07-01,557.43
INE081A01012,Tata Steel Ltd,2017,8,2017-08-01,612.52
INE081A01012,Tata Steel Ltd,2017,9,2017-09-01,662.68
INE081A01012,Tata Steel Ltd,2017,10,2017-10-01,700.73
INE081A01012,Tata Steel Ltd,2017,11,2017-11-01,700.84
INE081A01012,Tata Steel Ltd,2017,12,2017-12-01,700.29
INE081A01012,Tata Steel Ltd,2018,1,2018-01-01,760.35
INE081A01012,Tata Steel Ltd,2018,2,2018-02-01,673.98
INE081A01012,Tata Steel Ltd,2018,3,2018-03-01,610.82
INE081A01012,Tata Steel Ltd,2018,4,2018-04-01,592.66
INE081A01012,Tata Steel Ltd,2018,5,2018-05-01,586.96
INE081A01012,Tata Steel Ltd,2018,6,2018-06-01,567.47
INE081A01012,Tata Steel Ltd,2018,7,2018-07-01,542.6
INE081A01012,Tata Steel Ltd,2018,8,2018-08-01,577.62
INE081A01012,Tata Steel Ltd,2018,9,2018-09-01,606.66
INE081A01012,Tata Steel Ltd,2018,10,2018-10-01,563.95
INE081A01012,Tata Steel Ltd,2018,11,2018-11-01,561.88
INE081A01012,Tata Steel Ltd,2018,12,2018-12-01,517.63
INE081A01012,Tata Steel Ltd,2019,1,2019-01-01,454.72
INE081A01012,Tata Steel Ltd,2019,2,2019-02-01,485.28
INE081A01012,Tata Steel Ltd,2019,3,2019-03-01,517.59
INE081A01012,Tata Steel Ltd,2019,4,2019-04-01,539.08
INE081A01012,Tata Steel Ltd,2019,5,2019-05-01,495.85
INE081A01012,Tata Steel Ltd,2019,6,2019-06-01,494.68
INE081A01012,Tata Steel Ltd,2019,7,2019-07-01,465.61
INE081A01012,Tata Steel Ltd,2019,8,2019-08-01,363.21
INE081A01012,Tata Steel Ltd,2019,9,2019-09-01,358.32
INE081A01012,Tata Steel Ltd,2019,10,2019-10-01,353.41
INE081A01012,Tata Steel Ltd,2019,11,2019-11-01,406.21
INE081A01012,Tata Steel Ltd,2019,12,2019-12-01,434.12
INE081A01012,Tata Steel Ltd,2020,1,2020-01-01,476.96
INE081A01012,Tata Steel Ltd,2020,2,2020-02-01,418.45
INE081A01012,Tata Steel Ltd,2020,3,2020-03-01,306.2
INE081A01012,Tata Steel Ltd,2020,4,2020-04-01,277.25
INE081A01012,Tata Steel Ltd,2020,5,2020-05-01,277.92
INE081A01012,Tata Steel Ltd,2020,6,2020-06-01,321.44
INE081A01012,Tata Steel Ltd,2020,7,2020-07-01,346.23
INE081A01012,Tata Steel Ltd,2020,8,2020-08-01,414.95
INE081A01012,Tata Steel Ltd,2020,9,2020-09-01,395.07
INE081A01012,Tata Steel Ltd,2020,10,2020-10-01,389.54
INE081A01012,Tata Steel Ltd,2020,11,2020-11-01,487.32
INE081A01012,Tata Steel Ltd,2020,12,2020-12-01,621.13
INE081A01012,Tata Steel Ltd,2021,1,2021-01-01,675.13
INE081A01012,Tata Steel Ltd,2021,2,2021-02-01,688.79
INE081A01012,Tata Steel Ltd,2021,3,2021-03-01,738.8
INE081A01012,Tata Steel Ltd,2021,4,2021-04-01,914.72
INE081A01012,Tata Steel Ltd,2021,5,2021-05-01,1127.99
INE081A01012,Tata Steel Ltd,2021,6,2021-06-01,1130.73
INE081A01012,Tata Steel Ltd,2021,7,2021-07-01,1259.63
INE081A01012,Tata Steel Ltd,2021,8,2021-08-01,142.4
INE081A01012,Tata Steel Ltd,2021,9,2021-09-01,136.98
INE081A01012,Tata Steel Ltd,2021,10,2021-10-01,132.45
INE081A01012,Tata Steel Ltd,2021,11,2021-11-01,123.88
INE081A01012,Tata Steel Ltd,2021,12,2021-12-01,113.06
INE081A01012,Tata Steel Ltd,2022,1,2022-01-01,115.79
INE081A01012,Tata Steel Ltd,2022,2,2022-02-01,118.23
INE081A01012,Tata Steel Ltd,2022,3,2022-03-01,187.15
INE081A01012,Tata Steel Ltd,2022,4,2022-04-01,130.92
INE081A01012,Tata Steel Ltd,2022,5,2022-05-01,114.01
INE081A01012,Tata Steel Ltd,2022,6,2022-06-01,136.36
INE081A01012,Tata Steel Ltd,2022,7,2022-07-01,92.0
INE081A01012,Tata Steel Ltd,2022,8,2022-08-01,108.51
INE081A01012,Tata Steel Ltd,2022,9,2022-09-01,104.34
INE081A01012,Tata Steel Ltd,2022,10,2022-10-01,101.12
INE081A01012,Tata Steel Ltd,2022,11,2022-11-01,105.42
INE081A01012,Tata Steel Ltd,2022,12,2022-12-01,110.69
INE081A01012,Tata Steel Ltd,2023,1,2023-01-01,119.47
INE081A01012,Tata Steel Ltd,2023,2,2023-02-01,112.26
INE081A01012,Tata Steel Ltd,2023,3,2023-03-01,105.52
INE081A01012,Tata Steel Ltd,2023,4,2023-04-01,106.75
INE081A01012,Tata Steel Ltd,2023,5,2023-05-01,107.42
INE081A01012,Tata Steel Ltd,2023,6,2023-06-01,111.18
INE081A01012,Tata Steel Ltd,2023,7,2023-07-01,116.35
INE081A01012,Tata Steel Ltd,2023,8,2023-08-01,118.85
INE081A01012,Tata Steel Ltd,2023,9,2023-09-01,129.42
INE081A01012,Tata Steel Ltd,2023,10,2023-10-01,124.0
INE081A01012,Tata Steel Ltd,2023,11,2023-11-01,122.73
INE081A01012,Tata Steel Ltd,2023,12,2023-12-01,133.0
INE081A01012,Tata Steel Ltd,2024,1,2024-01-01,134.6
INE081A01012,Tata Steel Ltd,2024,2,2024-02-01,141.75
INE081A01012,Tata Steel Ltd,2024,3,2024-03-01,150.48
INE081A01012,Tata Steel Ltd,2024,4,2024-04-01,163.84
INE081A01012,Tata Steel Ltd,2024,5,2024-05-01,168.45
INE081A01012,Tata Steel Ltd,2024,6,2024-06-01,176.88
INE081A01012,Tata Steel Ltd,2024,7,2024-07-01,167.11
INE081A01012,Tata Steel Ltd,2024,8,2024-08-01,152.95
INE081A01012,Tata Steel Ltd,2024,9,2024-09-01,154.64
INE081A01012,Tata Steel Ltd,2024,10,2024-10-01,155.78
INE081A01012,Tata Steel Ltd,2024,11,2024-11-01,144.83
INE081A01012,Tata Steel Ltd,2024,12,2024-12-01,144.9
INE081A01012,Tata Steel Ltd,2025,1,2025-01-01,130.66
INE081A01012,Tata Steel Ltd,2025,2,2025-02-01,135.23
INE081A01012,Tata Steel Ltd,2025,3,2025-03-01,152.16
INE081A01012,Tata Steel Ltd,2025,4,2025-04-01,139.75
INE081A01012,Tata Steel Ltd,2025,5,2025-05-01,154.43
INE081A01012,Tata Steel Ltd,2025,6,2025-06-01,155.79
INE081A01012,Tata Steel Ltd,2025,7,2025-07-01,161.4
INE081A01012,Tata Steel Ltd,2025,8,2025-08-01,158.14
INE081A01012,Tata Steel Ltd,2025,9,2025-09-01,168.84
INE081A01012,Tata Steel Ltd,2025,10,2025-10-01,174.84
INE081A01012,Tata Steel Ltd,2025,11,2025-11-01,174.18
INE081A01012,Tata Steel Ltd,2025,12,2025-12-01,169.05
INE081A01012,Tata Steel Ltd,2026,1,2026-01-01,184.7
INE081A01020,Tata Steel Ltd,2022,8,2022-08-01,108.51
INE081A01020,Tata Steel Ltd,2022,9,2022-09-01,104.34
INE081A01020,Tata Steel Ltd,2022,10,2022-10-01,101.12
INE081A01020,Tata Steel Ltd,2022,11,2022-11-01,105.42
INE081A01020,Tata Steel Ltd,2022,12,2022-12-01,110.69
INE081A01020,Tata Steel Ltd,2023,1,2023-01-01,119.47
INE081A01020,Tata Steel Ltd,2023,2,2023-02-01,112.26
INE081A01020,Tata Steel Ltd,2023,3,2023-03-01,105.52
INE081A01020,Tata Steel Ltd,2023,4,2023-04-01,106.75
INE081A01020,Tata Steel Ltd,2023,5,2023-05-01,107.42
INE081A01020,Tata Steel Ltd,2023,6,2023-06-01,111.18
INE081A01020,Tata Steel Ltd,2023,7,2023-07-01,116.35
INE081A01020,Tata Steel Ltd,2023,8,2023-08-01,118.85
INE081A01020,Tata Steel Ltd,2023,9,2023-09-01,129.42
INE081A01020,Tata Steel Ltd,2023,10,2023-10-01,124.0
INE081A01020,Tata Steel Ltd,2023,11,2023-11-01,122.73
INE081A01020,Tata Steel Ltd,2023,12,2023-12-01,133.0
INE081A01020,Tata Steel Ltd,2024,1,2024-01-01,134.6
INE081A01020,Tata Steel Ltd,2024,2,2024-02-01,141.75
INE081A01020,Tata Steel Ltd,2024,3,2024-03-01,150.48
INE081A01020,Tata Steel Ltd,2024,4,2024-04-01,163.84
INE081A01020,Tata Steel Ltd,2024,5,2024-05-01,168.45
INE081A01020,Tata Steel Ltd,2024,6,2024-06-01,176.88
INE081A01020,Tata Steel Ltd,2024,7,2024-07-01,167.11
INE081A01020,Tata Steel Ltd,2024,8,2024-08-01,152.95
INE081A01020,Tata Steel Ltd,2024,9,2024-09-01,154.64
INE081A01020,Tata Steel Ltd,2024,10,2024-10-01,155.78
INE081A01020,Tata Steel Ltd,2024,11,2024-11-01,144.83
INE081A01020,Tata Steel Ltd,2024,12,2024-12-01,144.9
INE081A01020,Tata Steel Ltd,2025,1,2025-01-01,130.66
INE081A01020,Tata Steel Ltd,2025,2,2025-02-01,135.23
INE081A01020,Tata Steel Ltd,2025,3,2025-03-01,152.16
INE081A01020,Tata Steel Ltd,2025,4,2025-04-01,139.75
INE081A01020,Tata Steel Ltd,2025,5,2025-05-01,154.43
INE081A01020,Tata Steel Ltd,2025,6,2025-06-01,155.79
INE081A01020,Tata Steel Ltd,2025,7,2025-07-01,161.4
INE081A01020,Tata Steel Ltd,2025,8,2025-08-01,158.14
INE081A01020,Tata Steel Ltd,2025,9,2025-09-01,168.84
INE081A01020,Tata Steel Ltd,2025,10,2025-10-01,174.84
INE081A01020,Tata Steel Ltd,2025,11,2025-11-01,174.18
INE081A01020,Tata Steel Ltd,2025,12,2025-12-01,169.05
INE081A01020,Tata Steel Ltd,2026,1,2026-01-01,184.7
INE090A01021,ICICI Bank Ltd,2020,4,2020-04-01,375.3
INE090A01021,ICICI Bank Ltd,2020,5,2020-05-01,320.24
INE090A01021,ICICI Bank Ltd,2020,6,2020-06-01,350.66
INE090A01021,ICICI Bank Ltd,2020,7,2020-07-01,361.7
INE090A01021,ICICI Bank Ltd,2020,8,2020-08-01,370.76
INE090A01021,ICICI Bank Ltd,2020,9,2020-09-01,366.42
INE090A01021,ICICI Bank Ltd,2020,10,2020-10-01,398.74
INE090A01021,ICICI Bank Ltd,2020,11,2020-11-01,468.64
INE090A01021,ICICI Bank Ltd,2020,12,2020-12-01,509.58
INE090A01021,ICICI Bank Ltd,2021,1,2021-01-01,540.73
INE090A01021,ICICI Bank Ltd,2021,2,2021-02-01,630.53
INE090A01021,ICICI Bank Ltd,2021,3,2021-03-01,597.98
INE090A01021,ICICI Bank Ltd,2021,4,2021-04-01,578.49
INE090A01021,ICICI Bank Ltd,2021,5,2021-05-01,623.92
INE090A01021,ICICI Bank Ltd,2021,6,2021-06-01,639.64
INE090A01021,ICICI Bank Ltd,2021,7,2021-07-01,659.17
INE090A01021,ICICI Bank Ltd,2021,8,2021-08-01,697.98
INE090A01021,ICICI Bank Ltd,2021,9,2021-09-01,716.49
INE090A01021,ICICI Bank Ltd,2021,10,2021-10-01,745.09
INE090A01021,ICICI Bank Ltd,2021,11,2021-11-01,765.01
INE090A01021,ICICI Bank Ltd,2021,12,2021-12-01,735.42
INE090A01021,ICICI Bank Ltd,2022,1,2022-01-01,801.39
INE090A01021,ICICI Bank Ltd,2022,2,2022-02-01,771.2
INE090A01021,ICICI Bank Ltd,2022,3,2022-03-01,700.42
INE090A01021,ICICI Bank Ltd,2022,4,2022-04-01,751.22
INE090A01021,ICICI Bank Ltd,2022,5,2022-05-01,715.79
INE090A01021,ICICI Bank Ltd,2022,6,2022-06-01,711.79
INE090A01021,ICICI Bank Ltd,2022,7,2022-07-01,766.78
INE090A01021,ICICI Bank Ltd,2022,8,2022-08-01,857.17
INE090A01021,ICICI Bank Ltd,2022,9,2022-09-01,888.55
INE090A01021,ICICI Bank Ltd,2022,10,2022-10-01,889.24
INE090A01021,ICICI Bank Ltd,2022,11,2022-11-01,919.33
INE090A01021,ICICI Bank Ltd,2022,12,2022-12-01,912.77
INE090A01021,ICICI Bank Ltd,2023,1,2023-01-01,866.73
INE090A01021,ICICI Bank Ltd,2023,2,2023-02-01,855.34
INE090A01021,ICICI Bank Ltd,2023,3,2023-03-01,850.03
INE090A01021,ICICI Bank Ltd,2023,4,2023-04-01,895.54
INE090A01021,ICICI Bank Ltd,2023,5,2023-05-01,940.77
INE090A01021,ICICI Bank Ltd,2023,6,2023-06-01,934.67
INE090A01021,ICICI Bank Ltd,2023,7,2023-07-01,971.18
INE090A01021,ICICI Bank Ltd,2023,8,2023-08-01,965.69
INE090A01021,ICICI Bank Ltd,2023,9,2023-09-01,968.6
INE090A01021,ICICI Bank Ltd,2023,10,2023-10-01,936.92
INE090A01021,ICICI Bank Ltd,2023,11,2023-11-01,932.36
INE090A01021,ICICI Bank Ltd,2023,12,2023-12-01,1005.92
INE090A01021,ICICI Bank Ltd,2024,1,2024-01-01,999.07
INE090A01021,ICICI Bank Ltd,2024,2,2024-02-01,1032.38
INE090A01021,ICICI Bank Ltd,2024,3,2024-03-01,1084.78
INE090A01021,ICICI Bank Ltd,2024,4,2024-04-01,1095.25
INE090A01021,ICICI Bank Ltd,2024,5,2024-05-01,1126.13
INE090A01021,ICICI Bank Ltd,2024,6,2024-06-01,1143.95
INE090A01021,ICICI Bank Ltd,2024,7,2024-07-01,1225.92
INE090A01021,ICICI Bank Ltd,2024,8,2024-08-01,1189.72
INE090A01021,ICICI Bank Ltd,2024,9,2024-09-01,1271.05
INE090A01021,ICICI Bank Ltd,2024,10,2024-10-01,1258.78
INE090A01021,ICICI Bank Ltd,2024,11,2024-11-01,1277.89
INE090A01021,ICICI Bank Ltd,2024,12,2024-12-01,1313.97
INE090A01021,ICICI Bank Ltd,2025,1,2025-01-01,1244.21
INE090A01021,ICICI Bank Ltd,2025,2,2025-02-01,1247.88
INE090A01021,ICICI Bank Ltd,2025,3,2025-03-01,1278.88
INE090A01021,ICICI Bank Ltd,2025,4,2025-04-01,1366.92
INE090A01021,ICICI Bank Ltd,2025,5,2025-05-01,1440.49
INE090A01021,ICICI Bank Ltd,2025,6,2025-06-01,1432.48
INE090A01021,ICICI Bank Ltd,2025,7,2025-07-01,1449.38
INE090A01021,ICICI Bank Ltd,2025,8,2025-08-01,1433.49
INE090A01021,ICICI Bank Ltd,2025,9,2025-09-01,1397.01
INE090A01021,ICICI Bank Ltd,2025,10,2025-10-01,1378.65
INE090A01021,ICICI Bank Ltd,2025,11,2025-11-01,1365.32
INE090A01021,ICICI Bank Ltd,2025,12,2025-12-01,1366.05
INE090A01021,ICICI Bank Ltd,2026,1,2026-01-01,1388.54
INE092T01019,IDFC First Bank Ltd,2022,9,2022-09-01,48.89
INE092T01019,IDFC First Bank Ltd,2022,10,2022-10-01,55.13
INE092T01019,IDFC First Bank Ltd,2022,11,2022-11-01,57.11
INE092T01019,IDFC First Bank Ltd,2022,12,2022-12-01,59.04
INE092T01019,IDFC First Bank Ltd,2023,1,2023-01-01,59.25
INE092T01019,IDFC First Bank Ltd,2023,2,2023-02-01,56.83
INE092T01019,IDFC First Bank Ltd,2023,3,2023-03-01,55.3
INE092T01019,IDFC First Bank Ltd,2023,4,2023-04-01,56.46
INE092T01019,IDFC First Bank Ltd,2023,5,2023-05-01,66.5
INE092T01019,IDFC First Bank Ltd,2023,6,2023-06-01,76.79
INE092T01019,IDFC First Bank Ltd,2023,7,2023-07-01,82.14
INE092T01019,IDFC First Bank Ltd,2023,8,2023-08-01,89.52
INE092T01019,IDFC First Bank Ltd,2023,9,2023-09-01,95.17
INE092T01019,IDFC First Bank Ltd,2023,10,2023-10-01,89.34
INE092T01019,IDFC First Bank Ltd,2023,11,2023-11-01,84.58
INE092T01019,IDFC First Bank Ltd,2023,12,2023-12-01,88.38
INE092T01019,IDFC First Bank Ltd,2024,1,2024-01-01,85.18
INE092T01019,IDFC First Bank Ltd,2024,2,2024-02-01,81.95
INE092T01019,IDFC First Bank Ltd,2024,3,2024-03-01,79.11
INE092T01019,IDFC First Bank Ltd,2024,4,2024-04-01,82.08
INE092T01019,IDFC First Bank Ltd,2024,5,2024-05-01,77.8
INE092T01019,IDFC First Bank Ltd,2024,6,2024-06-01,79.74
INE092T01019,IDFC First Bank Ltd,2024,7,2024-07-01,77.85
INE092T01019,IDFC First Bank Ltd,2024,8,2024-08-01,73.11
INE092T01019,IDFC First Bank Ltd,2024,9,2024-09-01,73.62
INE092T01019,IDFC First Bank Ltd,2024,10,2024-10-01,70.46
INE092T01019,IDFC First Bank Ltd,2024,11,2024-11-01,65.14
INE092T01019,IDFC First Bank Ltd,2024,12,2024-12-01,64.16
INE092T01019,IDFC First Bank Ltd,2025,1,2025-01-01,62.07
INE092T01019,IDFC First Bank Ltd,2025,2,2025-02-01,61.28
INE092T01019,IDFC First Bank Ltd,2025,3,2025-03-01,56.13
INE092T01019,IDFC First Bank Ltd,2025,4,2025-04-01,62.56
INE092T01019,IDFC First Bank Ltd,2025,5,2025-05-01,67.6
INE092T01019,IDFC First Bank Ltd,2025,6,2025-06-01,70.56
INE092T01019,IDFC First Bank Ltd,2025,7,2025-07-01,74.1
INE092T01019,IDFC First Bank Ltd,2025,8,2025-08-01,69.37
INE092T01019,IDFC First Bank Ltd,2025,9,2025-09-01,71.13
INE092T01019,IDFC First Bank Ltd,2025,10,2025-10-01,74.87
INE092T01019,IDFC First Bank Ltd,2025,11,2025-11-01,80.27
INE092T01019,IDFC First Bank Ltd,2025,12,2025-12-01,82.8
INE092T01019,IDFC First Bank Ltd,2026,1,2026-01-01,84.14
INE0KL801015,DCX System Ltd,2024,8,2024-08-01,338.56
INE0KL801015,DCX System Ltd,2024,9,2024-09-01,336.84
INE0KL801015,DCX System Ltd,2024,10,2024-10-01,315.88
INE0KL801015,DCX System Ltd,2024,11,2024-11-01,330.16
INE0KL801015,DCX System Ltd,2024,12,2024-12-01,332.3
INE0KL801015,DCX System Ltd,2025,1,2025-01-01,352.56
INE0KL801015,DCX System Ltd,2025,2,2025-02-01,282.04
INE0KL801015,DCX System Ltd,2025,3,2025-03-01,234.46
INE0KL801015,DCX System Ltd,2025,4,2025-04-01,254.88
INE0KL801015,DCX System Ltd,2025,5,2025-05-01,313.03
INE0KL801015,DCX System Ltd,2025,6,2025-06-01,297.63
INE0KL801015,DCX System Ltd,2025,7,2025-07-01,275.13
INE0KL801015,DCX System Ltd,2025,8,2025-08-01,256.41
INE0KL801015,DCX System Ltd,2025,9,2025-09-01,266.7
INE0KL801015,DCX System Ltd,2025,10,2025-10-01,234.4
INE0KL801015,DCX System Ltd,2025,11,2025-11-01,201.36
INE0KL801015,DCX System Ltd,2025,12,2025-12-01,176.91
INE0KL801015,DCX System Ltd,2026,1,2026-01-01,179.64
INE0LXG01040,OLA Electric Mobility Ltd,2024,8,2024-08-01,124.9
INE0LXG01040,OLA Electric Mobility Ltd,2024,9,2024-09-01,110.33
INE0LXG01040,OLA Electric Mobility Ltd,2024,10,2024-10-01,87.32
INE0LXG01040,OLA Electric Mobility Ltd,2024,11,2024-11-01,75.54
INE0LXG01040,OLA Electric Mobility Ltd,2024,12,2024-12-01,94.08
INE0LXG01040,OLA Electric Mobility Ltd,2025,1,2025-01-01,74.67
INE0LXG01040,OLA Electric Mobility Ltd,2025,2,2025-02-01,64.94
INE0LXG01040,OLA Electric Mobility Ltd,2025,3,2025-03-01,53.59
INE0LXG01040,OLA Electric Mobility Ltd,2025,4,2025-04-01,51.32
INE0LXG01040,OLA Electric Mobility Ltd,2025,5,2025-05-01,50.73
INE0LXG01040,OLA Electric Mobility Ltd,2025,6,2025-06-01,46.77
INE0LXG01040,OLA Electric Mobility Ltd,2025,7,2025-07-01,41.7
INE0LXG01040,OLA Electric Mobility Ltd,2025,8,2025-08-01,44.63
INE0LXG01040,OLA Electric Mobility Ltd,2025,9,2025-09-01,59.24
INE0LXG01040,OLA Electric Mobility Ltd,2025,10,2025-10-01,52.51
INE0LXG01040,OLA Electric Mobility Ltd,2025,11,2025-11-01,43.42
INE0LXG01040,OLA Electric Mobility Ltd,2025,12,2025-12-01,35.75
INE0LXG01040,OLA Electric Mobility Ltd,2026,1,2026-01-01,38.03
INE114A01011,Steel Authority of India Ltd (SAIL),2015,6,2015-06-01,62.17
INE114A01011,Steel Authority of India Ltd (SAIL),2015,7,2015-07-01,59.35
INE114A01011,Steel Authority of India Ltd (SAIL),2015,8,2015-08-01,55.89
INE114A01011,Steel Authority of India Ltd (SAIL),2015,9,2015-09-01,50.5
INE114A01011,Steel Authority of India Ltd (SAIL),2015,10,2015-10-01,54.84
INE114A01011,Steel Authority of India Ltd (SAIL),2015,11,2015-11-01,46.19
INE114A01011,Steel Authority of India Ltd (SAIL),2015,12,2015-12-01,46.78
INE114A01011,Steel Authority of India Ltd (SAIL),2016,1,2016-01-01,44.91
INE114A01011,Steel Authority of India Ltd (SAIL),2016,2,2016-02-01,37.08
INE114A01011,Steel Authority of India Ltd (SAIL),2016,3,2016-03-01,42.01
INE114A01011,Steel Authority of India Ltd (SAIL),2016,4,2016-04-01,44.67
INE114A01011,Steel Authority of India Ltd (SAIL),2016,5,2016-05-01,41.92
INE114A01011,Steel Authority of India Ltd (SAIL),2016,6,2016-06-01,43.59
INE114A01011,Steel Authority of India Ltd (SAIL),2016,7,2016-07-01,48.0
INE114A01011,Steel Authority of India Ltd (SAIL),2016,8,2016-08-01,47.73
INE114A01011,Steel Authority of India Ltd (SAIL),2016,9,2016-09-01,48.34
INE114A01011,Steel Authority of India Ltd (SAIL),2016,10,2016-10-01,49.39
INE114A01011,Steel Authority of India Ltd (SAIL),2016,11,2016-11-01,50.32
INE114A01011,Steel Authority of India Ltd (SAIL),2016,12,2016-12-01,51.22
INE114A01011,Steel Authority of India Ltd (SAIL),2017,1,2017-01-01,57.37
INE114A01011,Steel Authority of India Ltd (SAIL),2017,2,2017-02-01,62.74
INE114A01011,Steel Authority of India Ltd (SAIL),2017,3,2017-03-01,61.49
INE114A01011,Steel Authority of India Ltd (SAIL),2017,4,2017-04-01,62.51
INE114A01011,Steel Authority of India Ltd (SAIL),2017,5,2017-05-01,59.94
INE114A01011,Steel Authority of India Ltd (SAIL),2017,6,2017-06-01,57.19
INE114A01011,Steel Authority of India Ltd (SAIL),2017,7,2017-07-01,62.0
INE114A01011,Steel Authority of India Ltd (SAIL),2017,8,2017-08-01,60.56
INE114A01011,Steel Authority of India Ltd (SAIL),2017,9,2017-09-01,60.35
INE114A01011,Steel Authority of India Ltd (SAIL),2017,10,2017-10-01,61.95
INE114A01011,Steel Authority of India Ltd (SAIL),2017,11,2017-11-01,80.27
INE114A01011,Steel Authority of India Ltd (SAIL),2017,12,2017-12-01,82.62
INE114A01011,Steel Authority of India Ltd (SAIL),2018,1,2018-01-01,95.09
INE114A01011,Steel Authority of India Ltd (SAIL),2018,2,2018-02-01,87.21
INE114A01011,Steel Authority of India Ltd (SAIL),2018,3,2018-03-01,73.08
INE114A01011,Steel Authority of India Ltd (SAIL),2018,4,2018-04-01,76.68
INE114A01011,Steel Authority of India Ltd (SAIL),2018,5,2018-05-01,73.79
INE114A01011,Steel Authority of India Ltd (SAIL),2018,6,2018-06-01,82.49
INE114A01011,Steel Authority of India Ltd (SAIL),2018,7,2018-07-01,76.04
INE114A01011,Steel Authority of India Ltd (SAIL),2018,8,2018-08-01,78.05
INE114A01011,Steel Authority of India Ltd (SAIL),2018,9,2018-09-01,75.86
INE114A01011,Steel Authority of India Ltd (SAIL),2018,10,2018-10-01,65.66
INE114A01011,Steel Authority of India Ltd (SAIL),2018,11,2018-11-01,62.73
INE114A01011,Steel Authority of India Ltd (SAIL),2018,12,2018-12-01,52.92
INE114A01011,Steel Authority of India Ltd (SAIL),2019,1,2019-01-01,50.43
INE114A01011,Steel Authority of India Ltd (SAIL),2019,2,2019-02-01,46.9
INE114A01011,Steel Authority of India Ltd (SAIL),2019,3,2019-03-01,52.89
INE114A01011,Steel Authority of India Ltd (SAIL),2019,4,2019-04-01,57.23
INE114A01011,Steel Authority of India Ltd (SAIL),2019,5,2019-05-01,51.43
INE114A01011,Steel Authority of India Ltd (SAIL),2019,6,2019-06-01,49.82
INE114A01011,Steel Authority of India Ltd (SAIL),2019,7,2019-07-01,46.57
INE114A01011,Steel Authority of India Ltd (SAIL),2019,8,2019-08-01,35.61
INE114A01011,Steel Authority of India Ltd (SAIL),2019,9,2019-09-01,33.26
INE114A01011,Steel Authority of India Ltd (SAIL),2019,10,2019-10-01,33.91
INE114A01011,Steel Authority of India Ltd (SAIL),2019,11,2019-11-01,38.54
INE114A01011,Steel Authority of India Ltd (SAIL),2019,12,2019-12-01,40.32
INE114A01011,Steel Authority of India Ltd (SAIL),2020,1,2020-01-01,48.5
INE114A01011,Steel Authority of India Ltd (SAIL),2020,2,2020-02-01,43.39
INE114A01011,Steel Authority of India Ltd (SAIL),2020,3,2020-03-01,27.29
INE114A01011,Steel Authority of India Ltd (SAIL),2020,4,2020-04-01,26.55
INE114A01011,Steel Authority of India Ltd (SAIL),2020,5,2020-05-01,28.44
INE114A01011,Steel Authority of India Ltd (SAIL),2020,6,2020-06-01,30.78
INE114A01011,Steel Authority of India Ltd (SAIL),2020,7,2020-07-01,34.27
INE114A01011,Steel Authority of India Ltd (SAIL),2020,8,2020-08-01,39.24
INE114A01011,Steel Authority of India Ltd (SAIL),2020,9,2020-09-01,37.77
INE114A01011,Steel Authority of India Ltd (SAIL),2020,10,2020-10-01,34.29
INE114A01011,Steel Authority of India Ltd (SAIL),2020,11,2020-11-01,39.98
INE114A01011,Steel Authority of India Ltd (SAIL),2020,12,2020-12-01,58.46
INE114A01011,Steel Authority of India Ltd (SAIL),2021,1,2021-01-01,68.9
INE114A01011,Steel Authority of India Ltd (SAIL),2021,2,2021-02-01,66.66
INE114A01011,Steel Authority of India Ltd (SAIL),2021,3,2021-03-01,74.62
INE114A01011,Steel Authority of India Ltd (SAIL),2021,4,2021-04-01,95.01
INE114A01011,Steel Authority of India Ltd (SAIL),2021,5,2021-05-01,129.38
INE114A01011,Steel Authority of India Ltd (SAIL),2021,6,2021-06-01,127.63
INE114A01011,Steel Authority of India Ltd (SAIL),2021,7,2021-07-01,127.82
INE114A01011,Steel Authority of India Ltd (SAIL),2021,8,2021-08-01,128.86
INE114A01011,Steel Authority of India Ltd (SAIL),2021,9,2021-09-01,116.09
INE114A01011,Steel Authority of India Ltd (SAIL),2021,10,2021-10-01,118.47
INE114A01011,Steel Authority of India Ltd (SAIL),2021,11,2021-11-01,114.62
INE114A01011,Steel Authority of India Ltd (SAIL),2021,12,2021-12-01,109.07
INE114A01011,Steel Authority of India Ltd (SAIL),2022,1,2022-01-01,105.3
INE114A01011,Steel Authority of India Ltd (SAIL),2022,2,2022-02-01,98.62
INE114A01011,Steel Authority of India Ltd (SAIL),2022,3,2022-03-01,99.01
INE114A01011,Steel Authority of India Ltd (SAIL),2022,4,2022-04-01,103.7
INE114A01011,Steel Authority of India Ltd (SAIL),2022,5,2022-05-01,82.21
INE114A01011,Steel Authority of India Ltd (SAIL),2022,6,2022-06-01,71.26
INE114A01011,Steel Authority of India Ltd (SAIL),2022,7,2022-07-01,72.6
INE114A01011,Steel Authority of India Ltd (SAIL),2022,8,2022-08-01,79.75
INE114A01011,Steel Authority of India Ltd (SAIL),2022,9,2022-09-01,79.75
INE114A01011,Steel Authority of India Ltd (SAIL),2022,10,2022-10-01,79.33
INE114A01011,Steel Authority of India Ltd (SAIL),2022,11,2022-11-01,83.27
INE114A01011,Steel Authority of India Ltd (SAIL),2022,12,2022-12-01,82.91
INE114A01011,Steel Authority of India Ltd (SAIL),2023,1,2023-01-01,88.83
INE114A01011,Steel Authority of India Ltd (SAIL),2023,2,2023-02-01,85.02
INE114A01011,Steel Authority of India Ltd (SAIL),2023,3,2023-03-01,85.72
INE114A01011,Steel Authority of India Ltd (SAIL),2023,4,2023-04-01,82.33
INE114A01011,Steel Authority of India Ltd (SAIL),2023,5,2023-05-01,83.43
INE114A01011,Steel Authority of India Ltd (SAIL),2023,6,2023-06-01,84.46
INE114A01011,Steel Authority of India Ltd (SAIL),2023,7,2023-07-01,90.29
INE114A01011,Steel Authority of India Ltd (SAIL),2023,8,2023-08-01,89.44
INE114A01011,Steel Authority of India Ltd (SAIL),2023,9,2023-09-01,96.46
INE114A01011,Steel Authority of India Ltd (SAIL),2023,10,2023-10-01,87.25
INE114A01011,Steel Authority of India Ltd (SAIL),2023,11,2023-11-01,88.26
INE114A01011,Steel Authority of India Ltd (SAIL),2023,12,2023-12-01,106.74
INE114A01011,Steel Authority of India Ltd (SAIL),2024,1,2024-01-01,116.87
INE114A01011,Steel Authority of India Ltd (SAIL),2024,2,2024-02-01,128.8
INE114A01011,Steel Authority of India Ltd (SAIL),2024,3,2024-03-01,130.78
INE114A01011,Steel Authority of India Ltd (SAIL),2024,4,2024-04-01,152.63
INE114A01011,Steel Authority of India Ltd (SAIL),2024,5,2024-05-01,163.54
INE114A01011,Steel Authority of India Ltd (SAIL),2024,6,2024-06-01,149.77
INE114A01011,Steel Authority of India Ltd (SAIL),2024,7,2024-07-01,149.22
INE114A01011,Steel Authority of India Ltd (SAIL),2024,8,2024-08-01,134.81
INE114A01011,Steel Authority of India Ltd (SAIL),2024,9,2024-09-01,131.87
INE114A01011,Steel Authority of India Ltd (SAIL),2024,10,2024-10-01,126.55
INE114A01011,Steel Authority of India Ltd (SAIL),2024,11,2024-11-01,115.58
INE114A01011,Steel Authority of India Ltd (SAIL),2024,12,2024-12-01,121.05
INE114A01011,Steel Authority of India Ltd (SAIL),2025,1,2025-01-01,107.93
INE114A01011,Steel Authority of India Ltd (SAIL),2025,2,2025-02-01,106.64
INE114A01011,Steel Authority of India Ltd (SAIL),2025,3,2025-03-01,111.01
INE114A01011,Steel Authority of India Ltd (SAIL),2025,4,2025-04-01,113.65
INE114A01011,Steel Authority of India Ltd (SAIL),2025,5,2025-05-01,120.92
INE114A01011,Steel Authority of India Ltd (SAIL),2025,6,2025-06-01,130.41
INE114A01011,Steel Authority of India Ltd (SAIL),2025,7,2025-07-01,133.08
INE114A01011,Steel Authority of India Ltd (SAIL),2025,8,2025-08-01,122.23
INE114A01011,Steel Authority of India Ltd (SAIL),2025,9,2025-09-01,131.64
INE114A01011,Steel Authority of India Ltd (SAIL),2025,10,2025-10-01,132.5
INE114A01011,Steel Authority of India Ltd (SAIL),2025,11,2025-11-01,138.89
INE114A01011,Steel Authority of India Ltd (SAIL),2025,12,2025-12-01,132.15
INE114A01011,Steel Authority of India Ltd (SAIL),2026,1,2026-01-01,148.55
INE129A01019,GAIL (INDIA) Ltd,2024,8,2024-08-01,234.57
INE129A01019,GAIL (INDIA) Ltd,2024,9,2024-09-01,223.66
INE129A01019,GAIL (INDIA) Ltd,2024,10,2024-10-01,220.42
INE129A01019,GAIL (INDIA) Ltd,2024,11,2024-11-01,196.27
INE129A01019,GAIL (INDIA) Ltd,2024,12,2024-12-01,200.07
INE129A01019,GAIL (INDIA) Ltd,2025,1,2025-01-01,179.21
INE129A01019,GAIL (INDIA) Ltd,2025,2,2025-02-01,166.55
INE129A01019,GAIL (INDIA) Ltd,2025,3,2025-03-01,165.34
INE129A01019,GAIL (INDIA) Ltd,2025,4,2025-04-01,183.87
INE129A01019,GAIL (INDIA) Ltd,2025,5,2025-05-01,189.01
INE129A01019,GAIL (INDIA) Ltd,2025,6,2025-06-01,189.56
INE129A01019,GAIL (INDIA) Ltd,2025,7,2025-07-01,185.91
INE129A01019,GAIL (INDIA) Ltd,2025,8,2025-08-01,173.61
INE129A01019,GAIL (INDIA) Ltd,2025,9,2025-09-01,177.26
INE129A01019,GAIL (INDIA) Ltd,2025,10,2025-10-01,179.07
INE129A01019,GAIL (INDIA) Ltd,2025,11,2025-11-01,182.39
INE129A01019,GAIL (INDIA) Ltd,2025,12,2025-12-01,170.33
INE129A01019,GAIL (INDIA) Ltd,2026,1,2026-01-01,166.26
INE155A01022,Tata Motors Passenger Vehicles Ltd (TMPV),2024,12,2024-12-01,750.17
INE155A01022,Tata Motors Passenger Vehicles Ltd (TMPV),2025,1,2025-01-01,758.01
INE155A01022,Tata Motors Passenger Vehicles Ltd (TMPV),2025,2,2025-02-01,683.63
INE155A01022,Tata Motors Passenger Vehicles Ltd (TMPV),2025,3,2025-03-01,667.39
INE155A01022,Tata Motors Passenger Vehicles Ltd (TMPV),2025,4,2025-04-01,633.7
INE155A01022,Tata Motors Passenger Vehicles Ltd (TMPV),2025,5,2025-05-01,706.57
INE155A01022,Tata Motors Passenger Vehicles Ltd (TMPV),2025,6,2025-06-01,696.04
INE155A01022,Tata Motors Passenger Vehicles Ltd (TMPV),2025,7,2025-07-01,684.89
INE155A01022,Tata Motors Passenger Vehicles Ltd (TMPV),2025,8,2025-08-01,666.88
INE155A01022,Tata Motors Passenger Vehicles Ltd (TMPV),2025,9,2025-09-01,697.52
INE155A01022,Tata Motors Passenger Vehicles Ltd (TMPV),2025,10,2025-10-01,513.97
INE155A01022,Tata Motors Passenger Vehicles Ltd (TMPV),2025,11,2025-11-01,381.99
INE155A01022,Tata Motors Passenger Vehicles Ltd (TMPV),2025,12,2025-12-01,354.02
INE155A01022,Tata Motors Passenger Vehicles Ltd (TMPV),2026,1,2026-01-01,354.62
INE1NPP01017,Siemens Energy India Ltd,2025,6,2025-06-01,2775.6
INE1NPP01017,Siemens Energy India Ltd,2025,7,2025-07-01,3049.89
INE1NPP01017,Siemens Energy India Ltd,2025,8,2025-08-01,3235.9
INE1NPP01017,Siemens Energy India Ltd,2025,9,2025-09-01,3466.53
INE1NPP01017,Siemens Energy India Ltd,2025,10,2025-10-01,3199.18
INE1NPP01017,Siemens Energy India Ltd,2025,11,2025-11-01,3237.87
INE1NPP01017,Siemens Energy India Ltd,2025,12,2025-12-01,2867.89
INE1NPP01017,Siemens Energy India Ltd,2026,1,2026-01-01,2402.57
INE1TAE01010,Tata Motors Ltd,2025,11,2025-11-01,326.85
INE1TAE01010,Tata Motors Ltd,2025,12,2025-12-01,385.69
INE1TAE01010,Tata Motors Ltd,2026,1,2026-01-01,434.73
INE238A01034,Axis Bank Ltd,2023,2,2023-02-01,845.0
INE238A01034,Axis Bank Ltd,2023,3,2023-03-01,845.56
INE238A01034,Axis Bank Ltd,2023,4,2023-04-01,865.4
INE238A01034,Axis Bank Ltd,2023,5,2023-05-01,903.91
INE238A01034,Axis Bank Ltd,2023,6,2023-06-01,966.8
INE238A01034,Axis Bank Ltd,2023,7,2023-07-01,966.01
INE238A01034,Axis Bank Ltd,2023,8,2023-08-01,956.92
INE238A01034,Axis Bank Ltd,2023,9,2023-09-01,1007.54
INE238A01034,Axis Bank Ltd,2023,10,2023-10-01,996.01
INE238A01034,Axis Bank Ltd,2023,11,2023-11-01,1014.06
INE238A01034,Axis Bank Ltd,2023,12,2023-12-01,1113.19
INE238A01034,Axis Bank Ltd,2024,1,2024-01-01,1098.69
INE238A01034,Axis Bank Ltd,2024,2,2024-02-01,1072.45
INE238A01034,Axis Bank Ltd,2024,3,2024-03-01,1072.82
INE238A01034,Axis Bank Ltd,2024,4,2024-04-01,1076.06
INE238A01034,Axis Bank Ltd,2024,5,2024-05-01,1145.34
INE238A01034,Axis Bank Ltd,2024,6,2024-06-01,1214.22
INE238A01034,Axis Bank Ltd,2024,7,2024-07-01,1259.26
INE238A01034,Axis Bank Ltd,2024,8,2024-08-01,1159.95
INE238A01034,Axis Bank Ltd,2024,9,2024-09-01,1218.6
INE238A01034,Axis Bank Ltd,2024,10,2024-10-01,1171.74
INE238A01034,Axis Bank Ltd,2024,11,2024-11-01,1149.34
INE238A01034,Axis Bank Ltd,2024,12,2024-12-01,1123.95
INE238A01034,Axis Bank Ltd,2025,1,2025-01-01,1017.9
INE238A01034,Axis Bank Ltd,2025,2,2025-02-01,1008.44
INE238A01034,Axis Bank Ltd,2025,3,2025-03-01,1049.85
INE238A01034,Axis Bank Ltd,2025,4,2025-04-01,1139.88
INE238A01034,Axis Bank Ltd,2025,5,2025-05-01,1190.75
INE238A01034,Axis Bank Ltd,2025,6,2025-06-01,1209.5
INE238A01034,Axis Bank Ltd,2025,7,2025-07-01,1133.47
INE238A01034,Axis Bank Ltd,2025,8,2025-08-01,1068.29
INE238A01034,Axis Bank Ltd,2025,9,2025-09-01,1105.83
INE238A01034,Axis Bank Ltd,2025,10,2025-10-01,1208.84
INE238A01034,Axis Bank Ltd,2025,11,2025-11-01,1251.49
INE238A01034,Axis Bank Ltd,2025,12,2025-12-01,1254.71
INE238A01034,Axis Bank Ltd,2026,1,2026-01-01,1283.94
INE323A01026,Bosch Ltd,2020,3,2020-03-01,9339.6
INE323A01026,Bosch Ltd,2020,4,2020-04-01,10079.31
INE323A01026,Bosch Ltd,2020,5,2020-05-01,9614.75
INE323A01026,Bosch Ltd,2020,6,2020-06-01,10990.78
INE323A01026,Bosch Ltd,2020,7,2020-07-01,12976.1
INE323A01026,Bosch Ltd,2020,8,2020-08-01,13687.81
INE323A01026,Bosch Ltd,2020,9,2020-09-01,12949.87
INE323A01026,Bosch Ltd,2020,10,2020-10-01,12291.87
INE323A01026,Bosch Ltd,2020,11,2020-11-01,12038.12
INE323A01026,Bosch Ltd,2020,12,2020-12-01,13058.15
INE323A01026,Bosch Ltd,2021,1,2021-01-01,14654.07
INE323A01026,Bosch Ltd,2021,2,2021-02-01,15801.81
INE323A01026,Bosch Ltd,2021,3,2021-03-01,14643.55
INE323A01026,Bosch Ltd,2021,4,2021-04-01,13863.53
INE323A01026,Bosch Ltd,2021,5,2021-05-01,14439.56
INE323A01026,Bosch Ltd,2021,6,2021-06-01,15430.17
INE323A01026,Bosch Ltd,2021,7,2021-07-01,15223.91
INE323A01026,Bosch Ltd,2021,8,2021-08-01,14275.62
INE323A01026,Bosch Ltd,2021,9,2021-09-01,14888.13
INE323A01026,Bosch Ltd,2021,10,2021-10-01,17043.04
INE323A01026,Bosch Ltd,2021,11,2021-11-01,17711.23
INE323A01026,Bosch Ltd,2021,12,2021-12-01,16553.14
INE323A01026,Bosch Ltd,2022,1,2022-01-01,16985.56
INE323A01026,Bosch Ltd,2022,2,2022-02-01,16061.11
INE323A01026,Bosch Ltd,2022,3,2022-03-01,14352.52
INE323A01026,Bosch Ltd,2022,4,2022-04-01,14616.62
INE323A01026,Bosch Ltd,2022,5,2022-05-01,13849.34
INE323A01026,Bosch Ltd,2022,6,2022-06-01,14178.36
INE323A01026,Bosch Ltd,2022,7,2022-07-01,16325.19
INE323A01026,Bosch Ltd,2022,8,2022-08-01,17434.04
INE323A01026,Bosch Ltd,2022,9,2022-09-01,16846.35
INE323A01026,Bosch Ltd,2022,10,2022-10-01,15752.78
INE323A01026,Bosch Ltd,2022,11,2022-11-01,16693.87
INE323A01026,Bosch Ltd,2022,12,2022-12-01,17296.49
INE323A01026,Bosch Ltd,2023,1,2023-01-01,17056.04
INE323A01026,Bosch Ltd,2023,2,2023-02-01,17738.61
INE323A01026,Bosch Ltd,2023,3,2023-03-01,18328.34
INE323A01026,Bosch Ltd,2023,4,2023-04-01,18885.51
INE323A01026,Bosch Ltd,2023,5,2023-05-01,19029.61
INE323A01026,Bosch Ltd,2023,6,2023-06-01,18883.92
INE323A01026,Bosch Ltd,2023,7,2023-07-01,19145.33
INE323A01026,Bosch Ltd,2023,8,2023-08-01,18334.62
INE323A01026,Bosch Ltd,2023,9,2023-09-01,19274.38
INE323A01026,Bosch Ltd,2023,10,2023-10-01,19734.92
INE323A01026,Bosch Ltd,2023,11,2023-11-01,20253.43
INE323A01026,Bosch Ltd,2023,12,2023-12-01,21847.53
INE323A01026,Bosch Ltd,2024,1,2024-01-01,22887.0
INE323A01026,Bosch Ltd,2024,2,2024-02-01,26922.37
INE323A01026,Bosch Ltd,2024,3,2024-03-01,29676.69
INE323A01026,Bosch Ltd,2024,4,2024-04-01,29879.74
INE323A01026,Bosch Ltd,2024,5,2024-05-01,30705.22
INE323A01026,Bosch Ltd,2024,6,2024-06-01,32142.82
INE323A01026,Bosch Ltd,2024,7,2024-07-01,34827.18
INE323A01026,Bosch Ltd,2024,8,2024-08-01,32280.91
INE323A01026,Bosch Ltd,2024,9,2024-09-01,34653.87
INE323A01026,Bosch Ltd,2024,10,2024-10-01,37081.26
INE323A01026,Bosch Ltd,2024,11,2024-11-01,34697.13
INE323A01026,Bosch Ltd,2024,12,2024-12-01,35309.27
INE323A01026,Bosch Ltd,2025,1,2025-01-01,31398.71
INE323A01026,Bosch Ltd,2025,2,2025-02-01,27524.38
INE323A01026,Bosch Ltd,2025,3,2025-03-01,27258.38
INE323A01026,Bosch Ltd,2025,4,2025-04-01,27706.19
INE323A01026,Bosch Ltd,2025,5,2025-05-01,31198.57
INE323A01026,Bosch Ltd,2025,6,2025-06-01,31848.57
INE323A01026,Bosch Ltd,2025,7,2025-07-01,37177.17
INE323A01026,Bosch Ltd,2025,8,2025-08-01,39343.42
INE323A01026,Bosch Ltd,2025,9,2025-09-01,39952.05
INE323A01026,Bosch Ltd,2025,10,2025-10-01,38450.0
INE323A01026,Bosch Ltd,2025,11,2025-11-01,36845.26
INE323A01026,Bosch Ltd,2025,12,2025-12-01,36303.86
INE323A01026,Bosch Ltd,2026,1,2026-01-01,37345.94
INE335K01011,Coffee Day Enterprises Ltd,2024,12,2024-12-01,23.22
INE335K01011,Coffee Day Enterprises Ltd,2025,1,2025-01-01,27.05
INE335K01011,Coffee Day Enterprises Ltd,2025,2,2025-02-01,22.98
INE335K01011,Coffee Day Enterprises Ltd,2025,3,2025-03-01,28.03
INE335K01011,Coffee Day Enterprises Ltd,2025,4,2025-04-01,28.89
INE335K01011,Coffee Day Enterprises Ltd,2025,5,2025-05-01,31.52
INE335K01011,Coffee Day Enterprises Ltd,2025,6,2025-06-01,34.4
INE335K01011,Coffee Day Enterprises Ltd,2025,7,2025-07-01,36.24
INE335K01011,Coffee Day Enterprises Ltd,2025,8,2025-08-01,39.28
INE335K01011,Coffee Day Enterprises Ltd,2025,9,2025-09-01,44.82
INE335K01011,Coffee Day Enterprises Ltd,2025,10,2025-10-01,42.21
INE335K01011,Coffee Day Enterprises Ltd,2025,11,2025-11-01,38.05
INE335K01011,Coffee Day Enterprises Ltd,2025,12,2025-12-01,34.6
INE335K01011,Coffee Day Enterprises Ltd,2026,1,2026-01-01,34.0
INE335Y01020,IRCTC Ltd,2021,11,2021-11-01,856.2
INE335Y01020,IRCTC Ltd,2021,12,2021-12-01,836.49
INE335Y01020,IRCTC Ltd,2022,1,2022-01-01,857.45
INE335Y01020,IRCTC Ltd,2022,2,2022-02-01,823.33
INE335Y01020,IRCTC Ltd,2022,3,2022-03-01,763.13
INE335Y01020,IRCTC Ltd,2022,4,2022-04-01,775.79
INE335Y01020,IRCTC Ltd,2022,5,2022-05-01,673.85
INE335Y01020,IRCTC Ltd,2022,6,2022-06-01,623.32
INE335Y01020,IRCTC Ltd,2022,7,2022-07-01,595.34
INE335Y01020,IRCTC Ltd,2022,8,2022-08-01,682.6
INE335Y01020,IRCTC Ltd,2022,9,2022-09-01,703.28
INE335Y01020,IRCTC Ltd,2022,10,2022-10-01,732.09
INE335Y01020,IRCTC Ltd,2022,11,2022-11-01,737.13
INE335Y01020,IRCTC Ltd,2022,12,2022-12-01,683.02
INE335Y01020,IRCTC Ltd,2023,1,2023-01-01,637.42
INE335Y01020,IRCTC Ltd,2023,2,2023-02-01,632.4
INE335Y01020,IRCTC Ltd,2023,3,2023-03-01,600.92
INE335Y01020,IRCTC Ltd,2023,4,2023-04-01,594.45
INE335Y01020,IRCTC Ltd,2023,5,2023-05-01,626.92
INE335Y01020,IRCTC Ltd,2023,6,2023-06-01,645.59
INE335Y01020,IRCTC Ltd,2023,7,2023-07-01,624.9
INE335Y01020,IRCTC Ltd,2023,8,2023-08-01,654.17
INE335Y01020,IRCTC Ltd,2023,9,2023-09-01,691.44
INE335Y01020,IRCTC Ltd,2023,10,2023-10-01,691.24
INE335Y01020,IRCTC Ltd,2023,11,2023-11-01,684.06
INE335Y01020,IRCTC Ltd,2023,12,2023-12-01,802.72
INE335Y01020,IRCTC Ltd,2024,1,2024-01-01,943.97
INE335Y01020,IRCTC Ltd,2024,2,2024-02-01,943.73
INE335Y01020,IRCTC Ltd,2024,3,2024-03-01,922.45
INE335Y01020,IRCTC Ltd,2024,4,2024-04-01,1016.72
INE335Y01020,IRCTC Ltd,2024,5,2024-05-01,1052.2
INE335Y01020,IRCTC Ltd,2024,6,2024-06-01,997.27
INE335Y01020,IRCTC Ltd,2024,7,2024-07-01,1006.61
INE335Y01020,IRCTC Ltd,2024,8,2024-08-01,931.57
INE335Y01020,IRCTC Ltd,2024,9,2024-09-01,923.16
INE335Y01020,IRCTC Ltd,2024,10,2024-10-01,862.18
INE335Y01020,IRCTC Ltd,2024,11,2024-11-01,817.81
INE335Y01020,IRCTC Ltd,2024,12,2024-12-01,814.98
INE335Y01020,IRCTC Ltd,2025,1,2025-01-01,775.37
INE335Y01020,IRCTC Ltd,2025,2,2025-02-01,744.87
INE335Y01020,IRCTC Ltd,2025,3,2025-03-01,703.27
INE335Y01020,IRCTC Ltd,2025,4,2025-04-01,746.69
INE335Y01020,IRCTC Ltd,2025,5,2025-05-01,770.4
INE335Y01020,IRCTC Ltd,2025,6,2025-06-01,771.75
INE335Y01020,IRCTC Ltd,2025,7,2025-07-01,765.63
INE335Y01020,IRCTC Ltd,2025,8,2025-08-01,721.47
INE335Y01020,IRCTC Ltd,2025,9,2025-09-01,717.25
INE335Y01020,IRCTC Ltd,2025,10,2025-10-01,715.89
INE335Y01020,IRCTC Ltd,2025,11,2025-11-01,701.91
INE335Y01020,IRCTC Ltd,2025,12,2025-12-01,676.93
INE335Y01020,IRCTC Ltd,2026,1,2026-01-01,644.99
INE351F01018,Jaiprakash Power Ventures Ltd,2024,6,2024-06-01,19.6
INE351F01018,Jaiprakash Power Ventures Ltd,2024,7,2024-07-01,18.91
INE351F01018,Jaiprakash Power Ventures Ltd,2024,8,2024-08-01,18.23
INE351F01018,Jaiprakash Power Ventures Ltd,2024,9,2024-09-01,17.53
INE351F01018,Jaiprakash Power Ventures Ltd,2024,10,2024-10-01,19.68
INE351F01018,Jaiprakash Power Ventures Ltd,2024,11,2024-11-01,17.42
INE351F01018,Jaiprakash Power Ventures Ltd,2024,12,2024-12-01,18.79
INE351F01018,Jaiprakash Power Ventures Ltd,2025,1,2025-01-01,16.47
INE351F01018,Jaiprakash Power Ventures Ltd,2025,2,2025-02-01,14.23
INE351F01018,Jaiprakash Power Ventures Ltd,2025,3,2025-03-01,13.96
INE351F01018,Jaiprakash Power Ventures Ltd,2025,4,2025-04-01,15.04
INE351F01018,Jaiprakash Power Ventures Ltd,2025,5,2025-05-01,14.56
INE351F01018,Jaiprakash Power Ventures Ltd,2025,6,2025-06-01,17.21
INE351F01018,Jaiprakash Power Ventures Ltd,2025,7,2025-07-01,21.77
INE351F01018,Jaiprakash Power Ventures Ltd,2025,8,2025-08-01,18.96
INE351F01018,Jaiprakash Power Ventures Ltd,2025,9,2025-09-01,18.58
INE351F01018,Jaiprakash Power Ventures Ltd,2025,10,2025-10-01,18.03
INE351F01018,Jaiprakash Power Ventures Ltd,2025,11,2025-11-01,18.63
INE351F01018,Jaiprakash Power Ventures Ltd,2025,12,2025-12-01,18.1
INE351F01018,Jaiprakash Power Ventures Ltd,2026,1,2026-01-01,16.51
INE379A01028,ITC Hotels Ltd,2025,1,2025-01-01,166.02
INE379A01028,ITC Hotels Ltd,2025,2,2025-02-01,167.66
INE379A01028,ITC Hotels Ltd,2025,3,2025-03-01,179.24
INE379A01028,ITC Hotels Ltd,2025,4,2025-04-01,200.14
INE379A01028,ITC Hotels Ltd,2025,5,2025-05-01,202.04
INE379A01028,ITC Hotels Ltd,2025,6,2025-06-01,216.06
INE379A01028,ITC Hotels Ltd,2025,7,2025-07-01,233.79
INE379A01028,ITC Hotels Ltd,2025,8,2025-08-01,235.08
INE379A01028,ITC Hotels Ltd,2025,9,2025-09-01,240.02
INE379A01028,ITC Hotels Ltd,2025,10,2025-10-01,217.8
INE379A01028,ITC Hotels Ltd,2025,11,2025-11-01,209.56
INE379A01028,ITC Hotels Ltd,2025,12,2025-12-01,197.74
INE379A01028,ITC Hotels Ltd,2026,1,2026-01-01,191.27
INE457A01014,Bank of Maharashtra,2024,12,2024-12-01,53.06
INE457A01014,Bank of Maharashtra,2025,1,2025-01-01,50.86
INE457A01014,Bank of Maharashtra,2025,2,2025-02-01,49.23
INE457A01014,Bank of Maharashtra,2025,3,2025-03-01,46.69
INE457A01014,Bank of Maharashtra,2025,4,2025-04-01,48.13
INE457A01014,Bank of Maharashtra,2025,5,2025-05-01,51.0
INE457A01014,Bank of Maharashtra,2025,6,2025-06-01,55.14
INE457A01014,Bank of Maharashtra,2025,7,2025-07-01,56.87
INE457A01014,Bank of Maharashtra,2025,8,2025-08-01,54.53
INE457A01014,Bank of Maharashtra,2025,9,2025-09-01,54.68
INE457A01014,Bank of Maharashtra,2025,10,2025-10-01,58.02
INE457A01014,Bank of Maharashtra,2025,11,2025-11-01,58.9
INE457A01014,Bank of Maharashtra,2025,12,2025-12-01,57.48
INE457A01014,Bank of Maharashtra,2026,1,2026-01-01,64.44
INE498L01015,L&T Finance Ltd,2014,10,2014-10-01,68.45
INE498L01015,L&T Finance Ltd,2014,11,2014-11-01,72.25
INE498L01015,L&T Finance Ltd,2014,12,2014-12-01,68.77
INE498L01015,L&T Finance Ltd,2015,1,2015-01-01,68.41
INE498L01015,L&T Finance Ltd,2015,2,2015-02-01,67.1
INE498L01015,L&T Finance Ltd,2015,3,2015-03-01,65.12
INE498L01015,L&T Finance Ltd,2015,4,2015-04-01,64.26
INE498L01015,L&T Finance Ltd,2015,5,2015-05-01,63.82
INE498L01015,L&T Finance Ltd,2015,6,2015-06-01,62.26
INE498L01015,L&T Finance Ltd,2015,7,2015-07-01,70.35
INE498L01015,L&T Finance Ltd,2015,8,2015-08-01,67.29
INE498L01015,L&T Finance Ltd,2015,9,2015-09-01,65.13
INE498L01015,L&T Finance Ltd,2015,10,2015-10-01,68.12
INE498L01015,L&T Finance Ltd,2015,11,2015-11-01,65.75
INE498L01015,L&T Finance Ltd,2015,12,2015-12-01,65.7
INE498L01015,L&T Finance Ltd,2016,1,2016-01-01,60.9
INE498L01015,L&T Finance Ltd,2016,2,2016-02-01,53.01
INE498L01015,L&T Finance Ltd,2016,3,2016-03-01,57.73
INE498L01015,L&T Finance Ltd,2016,4,2016-04-01,70.79
INE498L01015,L&T Finance Ltd,2016,5,2016-05-01,73.46
INE498L01015,L&T Finance Ltd,2016,6,2016-06-01,76.8
INE498L01015,L&T Finance Ltd,2016,7,2016-07-01,78.53
INE498L01015,L&T Finance Ltd,2016,8,2016-08-01,91.76
INE498L01015,L&T Finance Ltd,2016,9,2016-09-01,93.16
INE498L01015,L&T Finance Ltd,2016,10,2016-10-01,99.57
INE498L01015,L&T Finance Ltd,2016,11,2016-11-01,92.75
INE498L01015,L&T Finance Ltd,2016,12,2016-12-01,85.22
INE498L01015,L&T Finance Ltd,2017,1,2017-01-01,95.63
INE498L01015,L&T Finance Ltd,2017,2,2017-02-01,110.97
INE498L01015,L&T Finance Ltd,2017,3,2017-03-01,120.11
INE498L01015,L&T Finance Ltd,2017,4,2017-04-01,124.94
INE498L01015,L&T Finance Ltd,2017,5,2017-05-01,130.86
INE498L01015,L&T Finance Ltd,2017,6,2017-06-01,137.91
INE498L01015,L&T Finance Ltd,2017,7,2017-07-01,153.23
INE498L01015,L&T Finance Ltd,2017,8,2017-08-01,176.59
INE498L01015,L&T Finance Ltd,2017,9,2017-09-01,201.83
INE498L01015,L&T Finance Ltd,2017,10,2017-10-01,201.33
INE498L01015,L&T Finance Ltd,2017,11,2017-11-01,185.71
INE498L01015,L&T Finance Ltd,2017,12,2017-12-01,171.86
INE498L01015,L&T Finance Ltd,2018,1,2018-01-01,176.5
INE498L01015,L&T Finance Ltd,2018,2,2018-02-01,162.55
INE498L01015,L&T Finance Ltd,2018,3,2018-03-01,159.03
INE498L01015,L&T Finance Ltd,2018,4,2018-04-01,168.0
INE498L01015,L&T Finance Ltd,2018,5,2018-05-01,173.26
INE498L01015,L&T Finance Ltd,2018,6,2018-06-01,162.53
INE498L01015,L&T Finance Ltd,2018,7,2018-07-01,158.51
INE498L01015,L&T Finance Ltd,2018,8,2018-08-01,180.29
INE498L01015,L&T Finance Ltd,2018,9,2018-09-01,151.18
INE498L01015,L&T Finance Ltd,2018,10,2018-10-01,124.76
INE498L01015,L&T Finance Ltd,2018,11,2018-11-01,135.27
INE498L01015,L&T Finance Ltd,2018,12,2018-12-01,147.36
INE498L01015,L&T Finance Ltd,2019,1,2019-01-01,140.44
INE498L01015,L&T Finance Ltd,2019,2,2019-02-01,126.24
INE498L01015,L&T Finance Ltd,2019,3,2019-03-01,144.8
INE498L01015,L&T Finance Ltd,2019,4,2019-04-01,145.4
INE498L01015,L&T Finance Ltd,2019,5,2019-05-01,124.19
INE498L01015,L&T Finance Ltd,2019,6,2019-06-01,120.14
INE498L01015,L&T Finance Ltd,2019,7,2019-07-01,113.67
INE498L01015,L&T Finance Ltd,2019,8,2019-08-01,97.74
INE498L01015,L&T Finance Ltd,2019,9,2019-09-01,93.51
INE498L01015,L&T Finance Ltd,2019,10,2019-10-01,85.73
INE498L01015,L&T Finance Ltd,2019,11,2019-11-01,100.48
INE498L01015,L&T Finance Ltd,2019,12,2019-12-01,116.39
INE498L01015,L&T Finance Ltd,2020,1,2020-01-01,120.29
INE498L01015,L&T Finance Ltd,2020,2,2020-02-01,120.37
INE498L01015,L&T Finance Ltd,2020,3,2020-03-01,74.32
INE498L01015,L&T Finance Ltd,2020,4,2020-04-01,58.91
INE498L01015,L&T Finance Ltd,2020,5,2020-05-01,55.77
INE498L01015,L&T Finance Ltd,2020,6,2020-06-01,64.08
INE498L01015,L&T Finance Ltd,2020,7,2020-07-01,64.54
INE498L01015,L&T Finance Ltd,2020,8,2020-08-01,65.91
INE498L01015,L&T Finance Ltd,2020,9,2020-09-01,62.87
INE498L01015,L&T Finance Ltd,2020,10,2020-10-01,63.42
INE498L01015,L&T Finance Ltd,2020,11,2020-11-01,70.85
INE498L01015,L&T Finance Ltd,2020,12,2020-12-01,90.61
INE498L01015,L&T Finance Ltd,2021,1,2021-01-01,98.66
INE498L01015,L&T Finance Ltd,2021,2,2021-02-01,96.26
INE498L01015,L&T Finance Ltd,2021,3,2021-03-01,102.71
INE498L01015,L&T Finance Ltd,2021,4,2021-04-01,92.63
INE498L01015,L&T Finance Ltd,2021,5,2021-05-01,88.49
INE498L01015,L&T Finance Ltd,2021,6,2021-06-01,95.07
INE498L01015,L&T Finance Ltd,2021,7,2021-07-01,91.09
INE498L01015,L&T Finance Ltd,2021,8,2021-08-01,84.1
INE498L01015,L&T Finance Ltd,2021,9,2021-09-01,86.0
INE498L01015,L&T Finance Ltd,2021,10,2021-10-01,88.52
INE498L01015,L&T Finance Ltd,2021,11,2021-11-01,82.24
INE498L01015,L&T Finance Ltd,2021,12,2021-12-01,78.75
INE498L01015,L&T Finance Ltd,2022,1,2022-01-01,77.87
INE498L01015,L&T Finance Ltd,2022,2,2022-02-01,72.1
INE498L01015,L&T Finance Ltd,2022,3,2022-03-01,71.67
INE498L01015,L&T Finance Ltd,2022,4,2022-04-01,85.39
INE498L01015,L&T Finance Ltd,2022,5,2022-05-01,77.7
INE498L01015,L&T Finance Ltd,2022,6,2022-06-01,71.58
INE498L01015,L&T Finance Ltd,2022,7,2022-07-01,71.59
INE498L01015,L&T Finance Ltd,2022,8,2022-08-01,76.22
INE498L01015,L&T Finance Ltd,2022,9,2022-09-01,78.88
INE498L01015,L&T Finance Ltd,2022,10,2022-10-01,78.14
INE498L01015,L&T Finance Ltd,2022,11,2022-11-01,82.76
INE498L01015,L&T Finance Ltd,2022,12,2022-12-01,90.13
INE498L01015,L&T Finance Ltd,2023,1,2023-01-01,91.22
INE498L01015,L&T Finance Ltd,2023,2,2023-02-01,90.54
INE498L01015,L&T Finance Ltd,2023,3,2023-03-01,86.19
INE498L01015,L&T Finance Ltd,2023,4,2023-04-01,88.17
INE498L01015,L&T Finance Ltd,2023,5,2023-05-01,98.53
INE498L01015,L&T Finance Ltd,2023,6,2023-06-01,114.31
INE498L01015,L&T Finance Ltd,2023,7,2023-07-01,131.97
INE498L01015,L&T Finance Ltd,2023,8,2023-08-01,124.7
INE498L01015,L&T Finance Ltd,2023,9,2023-09-01,127.58
INE498L01015,L&T Finance Ltd,2023,10,2023-10-01,134.05
INE498L01015,L&T Finance Ltd,2023,11,2023-11-01,142.02
INE498L01015,L&T Finance Ltd,2023,12,2023-12-01,155.83
INE498L01015,L&T Finance Ltd,2024,1,2024-01-01,167.22
INE498L01015,L&T Finance Ltd,2024,2,2024-02-01,171.58
INE498L01015,L&T Finance Ltd,2024,3,2024-03-01,157.98
INE498L01015,L&T Finance Ltd,2024,4,2024-04-01,166.56
INE498L01015,L&T Finance Ltd,2024,5,2024-05-01,159.07
INE498L01015,L&T Finance Ltd,2024,6,2024-06-01,172.78
INE498L01015,L&T Finance Ltd,2024,7,2024-07-01,181.98
INE498L01015,L&T Finance Ltd,2024,8,2024-08-01,168.25
INE498L01015,L&T Finance Ltd,2024,9,2024-09-01,176.58
INE498L01015,L&T Finance Ltd,2024,10,2024-10-01,160.77
INE498L01015,L&T Finance Ltd,2024,11,2024-11-01,141.34
INE498L01015,L&T Finance Ltd,2024,12,2024-12-01,143.17
INE498L01015,L&T Finance Ltd,2025,1,2025-01-01,141.14
INE498L01015,L&T Finance Ltd,2025,2,2025-02-01,141.29
INE498L01015,L&T Finance Ltd,2025,3,2025-03-01,145.71
INE498L01015,L&T Finance Ltd,2025,4,2025-04-01,162.1
INE498L01015,L&T Finance Ltd,2025,5,2025-05-01,171.15
INE498L01015,L&T Finance Ltd,2025,6,2025-06-01,190.81
INE498L01015,L&T Finance Ltd,2025,7,2025-07-01,206.05
INE498L01015,L&T Finance Ltd,2025,8,2025-08-01,208.74
INE498L01015,L&T Finance Ltd,2025,9,2025-09-01,237.71
INE498L01015,L&T Finance Ltd,2025,10,2025-10-01,264.75
INE498L01015,L&T Finance Ltd,2025,11,2025-11-01,295.15
INE498L01015,L&T Finance Ltd,2025,12,2025-12-01,304.04
INE498L01015,L&T Finance Ltd,2026,1,2026-01-01,301.57
INE562A01011,Indian Bank,2021,12,2021-12-01,138.87
INE562A01011,Indian Bank,2022,1,2022-01-01,143.94
INE562A01011,Indian Bank,2022,2,2022-02-01,153.12
INE562A01011,Indian Bank,2022,3,2022-03-01,148.78
INE562A01011,Indian Bank,2022,4,2022-04-01,164.48
INE562A01011,Indian Bank,2022,5,2022-05-01,155.17
INE562A01011,Indian Bank,2022,6,2022-06-01,155.06
INE562A01011,Indian Bank,2022,7,2022-07-01,168.11
INE562A01011,Indian Bank,2022,8,2022-08-01,180.79
INE562A01011,Indian Bank,2022,9,2022-09-01,197.45
INE562A01011,Indian Bank,2022,10,2022-10-01,213.5
INE562A01011,Indian Bank,2022,11,2022-11-01,265.2
INE562A01011,Indian Bank,2022,12,2022-12-01,286.47
INE562A01011,Indian Bank,2023,1,2023-01-01,290.28
INE562A01011,Indian Bank,2023,2,2023-02-01,283.54
INE562A01011,Indian Bank,2023,3,2023-03-01,276.13
INE562A01011,Indian Bank,2023,4,2023-04-01,302.95
INE562A01011,Indian Bank,2023,5,2023-05-01,294.4
INE562A01011,Indian Bank,2023,6,2023-06-01,281.13
INE562A01011,Indian Bank,2023,7,2023-07-01,321.39
INE562A01011,Indian Bank,2023,8,2023-08-01,383.15
INE562A01011,Indian Bank,2023,9,2023-09-01,404.0
INE562A01011,Indian Bank,2023,10,2023-10-01,419.42
INE562A01011,Indian Bank,2023,11,2023-11-01,422.77
INE562A01011,Indian Bank,2023,12,2023-12-01,425.95
INE562A01011,Indian Bank,2024,1,2024-01-01,442.4
INE562A01011,Indian Bank,2024,2,2024-02-01,530.74
INE562A01011,Indian Bank,2024,3,2024-03-01,511.87
INE562A01011,Indian Bank,2024,4,2024-04-01,526.54
INE562A01011,Indian Bank,2024,5,2024-05-01,547.86
INE562A01011,Indian Bank,2024,6,2024-06-01,542.35
INE562A01011,Indian Bank,2024,7,2024-07-01,561.5
INE562A01011,Indian Bank,2024,8,2024-08-01,562.12
INE562A01011,Indian Bank,2024,9,2024-09-01,526.66
INE562A01011,Indian Bank,2024,10,2024-10-01,527.95
INE562A01011,Indian Bank,2024,11,2024-11-01,557.89
INE562A01011,Indian Bank,2024,12,2024-12-01,567.35
INE562A01011,Indian Bank,2025,1,2025-01-01,516.46
INE562A01011,Indian Bank,2025,2,2025-02-01,524.91
INE562A01011,Indian Bank,2025,3,2025-03-01,522.89
INE562A01011,Indian Bank,2025,4,2025-04-01,558.15
INE562A01011,Indian Bank,2025,5,2025-05-01,586.2
INE562A01011,Indian Bank,2025,6,2025-06-01,629.77
INE562A01011,Indian Bank,2025,7,2025-07-01,636.14
INE562A01011,Indian Bank,2025,8,2025-08-01,658.08
INE562A01011,Indian Bank,2025,9,2025-09-01,693.45
INE562A01011,Indian Bank,2025,10,2025-10-01,796.3
INE562A01011,Indian Bank,2025,11,2025-11-01,873.14
INE562A01011,Indian Bank,2025,12,2025-12-01,797.62
INE562A01011,Indian Bank,2026,1,2026-01-01,850.7
INE848E01016,NHPC Ltd,2022,11,2022-11-01,42.51
INE848E01016,NHPC Ltd,2022,12,2022-12-01,40.82
INE848E01016,NHPC Ltd,2023,1,2023-01-01,41.0
INE848E01016,NHPC Ltd,2023,2,2023-02-01,40.06
INE848E01016,NHPC Ltd,2023,3,2023-03-01,40.37
INE848E01016,NHPC Ltd,2023,4,2023-04-01,42.2
INE848E01016,NHPC Ltd,2023,5,2023-05-01,44.13
INE848E01016,NHPC Ltd,2023,6,2023-06-01,45.0
INE848E01016,NHPC Ltd,2023,7,2023-07-01,47.37
INE848E01016,NHPC Ltd,2023,8,2023-08-01,50.01
INE848E01016,NHPC Ltd,2023,9,2023-09-01,52.85
INE848E01016,NHPC Ltd,2023,10,2023-10-01,51.89
INE848E01016,NHPC Ltd,2023,11,2023-11-01,52.39
INE848E01016,NHPC Ltd,2023,12,2023-12-01,62.84
INE848E01016,NHPC Ltd,2024,1,2024-01-01,74.57
INE848E01016,NHPC Ltd,2024,2,2024-02-01,93.99
INE848E01016,NHPC Ltd,2024,3,2024-03-01,86.78
INE848E01016,NHPC Ltd,2024,4,2024-04-01,91.58
INE848E01016,NHPC Ltd,2024,5,2024-05-01,99.92
INE848E01016,NHPC Ltd,2024,6,2024-06-01,101.46
INE848E01016,NHPC Ltd,2024,7,2024-07-01,106.05
INE848E01016,NHPC Ltd,2024,8,2024-08-01,97.3
INE848E01016,NHPC Ltd,2024,9,2024-09-01,95.3
INE848E01016,NHPC Ltd,2024,10,2024-10-01,86.18
INE848E01016,NHPC Ltd,2024,11,2024-11-01,81.31
INE848E01016,NHPC Ltd,2024,12,2024-12-01,83.26
INE848E01016,NHPC Ltd,2025,1,2025-01-01,78.07
INE848E01016,NHPC Ltd,2025,2,2025-02-01,76.16
INE848E01016,NHPC Ltd,2025,3,2025-03-01,78.72
INE848E01016,NHPC Ltd,2025,4,2025-04-01,85.58
INE848E01016,NHPC Ltd,2025,5,2025-05-01,85.46
INE848E01016,NHPC Ltd,2025,6,2025-06-01,86.22
INE848E01016,NHPC Ltd,2025,7,2025-07-01,86.17
INE848E01016,NHPC Ltd,2025,8,2025-08-01,82.16
INE848E01016,NHPC Ltd,2025,9,2025-09-01,83.46
INE848E01016,NHPC Ltd,2025,10,2025-10-01,86.15
INE848E01016,NHPC Ltd,2025,11,2025-11-01,80.41
INE848E01016,NHPC Ltd,2025,12,2025-12-01,77.09
INE848E01016,NHPC Ltd,2026,1,2026-01-01,80.64
